stage,exp,task,sweep,seed,status,ckpt,n_points,final_iter,final_test_acc,best_test_acc,final_train_acc,best_train_acc,final_test_acc_mc,best_test_acc_mc,final_test_loss,d_model,heads,memory_hidden_dims,synapse_depth,n_ticks,length,neuron_select_type,batch_size,learning_rate,jepa_weight,jepa_loss_type,jepa_predict_delta,cross_tick_jepa_weight,sparsity,halt_threshold,halt_confidence_weight,halt_mode,loss_type,loss_aggregation,reflex_weight
st00,cifar10_ff,cifar10,ff,,ok,checkpoint.pt,101,200000,0.8407,0.8424,0.9262109375,0.930390625,,,0.640016308426857,256,4,4,4,,,random-pairing,512,,,,,0.0,,,,,,,0.1
st00,cifar10_paper_s0,cifar10,paper,0,ok,checkpoint.pt,101,200000,0.6562039999999999,0.669044,0.63877109375,0.6445734375000001,0.8503,0.8516,0.44993372410535815,256,16,64,5,,,random-pairing,512,,,,,0.0,,,,,,,0.1
st00,mazes_paper_s0,mazes,paper,0,ok,checkpoint.pt,100,100000,0.8853152,0.9016125333333334,0.9051865625000001,0.9266802604166667,0.89999,0.91172,0.3464306630194187,2048,16,32,8,,,first-last,64,,,,,0.0,,,,,,,0.1
st00,parity_lstm,parity,lstm,,ok,checkpoint_200000.pt,201,200000,0.5004301525297618,0.5482946971106151,0.5007818312872023,0.5465862940228174,0.5004301525297619,0.5493454706101191,nan,1024,8,16,1,,,random,64,,,,,0.0,,,,,,,0.1
st00,parity_paper_s0,parity,paper,0,ok,checkpoint_200000.pt,201,200000,0.6797026909722222,0.6797130766369047,0.6792320421006945,0.679769035218254,0.8803681873139881,0.8820684523809523,0.16327074382986342,1024,8,16,1,,,random,64,,,,,0.0,,,,,,,0.1
st00,qamnist_paper_s0,qamnist,paper,0,ok,checkpoint_200000.pt,201,200000,0.2341331845238095,0.36624391233766235,0.9204799107142858,0.9319754464285713,0.9799107142857143,0.9953497023809523,0.13475361670411767,1024,4,16,1,,,random,64,,,,,0.0,,,,,,,0.1
st00,sort_paper_s0,sort,paper,0,ok,checkpoint.pt,101,100000,0.8125,0.8753472222222223,0.8597222222222223,0.8986111111111111,,,0.0482308113326629,512,4,4,4,,,random-pairing,32,,,,,0.0,,,,,,,0.1
st01,cifar10_d_model2x,cifar10,d_model2x,,ok,checkpoint.pt,101,200000,0.68639,0.7269199999999999,0.70293359375,0.7286210937500001,0.8668,0.8686,0.43660332560539244,512,16,64,5,,,random-pairing,512,,,,,0.0,,,,,,,0.1
st01,cifar10_d_model2x_s1,cifar10,d_model2x,1,ok,checkpoint.pt,101,200000,0.7333699999999999,0.7363219999999999,0.7583156250000002,0.76111953125,0.8618,0.8625,0.4663848653435707,512,16,64,5,,,random-pairing,512,,,,,0.0,,,,,,,0.1
st01,cifar10_d_model2x_s2,cifar10,d_model2x,2,ok,checkpoint.pt,101,200000,0.6632620000000001,0.717958,0.67137890625,0.6969992187500001,0.863,0.8653,0.44329666942358015,512,16,64,5,,,random-pairing,512,,,,,0.0,,,,,,,0.1
st01,cifar10_d_modeld2,cifar10,d_modeld2,,ok,checkpoint.pt,101,200000,0.687428,0.713488,0.69683203125,0.6979875,0.8204,0.824,0.5400665491819382,128,16,64,5,,,random-pairing,512,,,,,0.0,,,,,,,0.1
st01,cifar10_d_modeld2_s1,cifar10,d_modeld2,1,ok,checkpoint.pt,101,200000,0.620546,0.643716,0.5974343750000001,0.615721875,0.8321,0.8322,0.379820117354393,128,16,64,5,,,random-pairing,512,,,,,0.0,,,,,,,0.1
st01,cifar10_d_modeld2_s2,cifar10,d_modeld2,2,ok,checkpoint.pt,101,200000,0.7087020000000002,0.7119900000000001,0.7237320312499999,0.72925703125,0.8368,0.8375,0.49714041501283646,128,16,64,5,,,random-pairing,512,,,,,0.0,,,,,,,0.1
st01,cifar10_d_modeld4,cifar10,d_modeld4,,ok,checkpoint.pt,101,200000,0.672782,0.7061879999999999,0.6915007812499999,0.71754453125,0.8205,0.8226,0.5434322685003281,64,16,64,5,,,random-pairing,512,,,,,0.0,,,,,,,0.1
st01,cifar10_d_modeld4_s1,cifar10,d_modeld4,1,ok,checkpoint.pt,101,200000,0.7225940000000002,0.736114,0.7556999999999999,0.7571671875000001,0.8247,0.8266,0.5605878412723542,64,16,64,5,,,random-pairing,512,,,,,0.0,,,,,,,0.1
st01,cifar10_d_modeld4_s2,cifar10,d_modeld4,2,ok,checkpoint.pt,101,200000,0.668842,0.6708459999999999,0.6654296875,0.6674968749999999,0.8211,0.8224,0.4653785765171051,64,16,64,5,,,random-pairing,512,,,,,0.0,,,,,,,0.1
st01,cifar10_headsh16,cifar10,headsh16,,ok,checkpoint.pt,101,200000,0.662416,0.6853999999999999,0.6560984375,0.6646632812499998,0.8424,0.8438,0.47850608080625534,256,16,64,5,,,random-pairing,512,,,,,0.0,,,,,,,0.1
st01,cifar10_headsh16_s1,cifar10,headsh16,1,ok,checkpoint.pt,101,200000,0.617522,0.6332639999999999,0.5776070312499999,0.59198515625,0.8306,0.8307,0.36748062521219255,256,16,64,5,,,random-pairing,512,,,,,0.0,,,,,,,0.1
st01,cifar10_headsh16_s2,cifar10,headsh16,2,ok,checkpoint.pt,101,200000,0.683262,0.712076,0.7185679687500002,0.7332453124999999,0.8477,0.8493,0.4939125910401344,256,16,64,5,,,random-pairing,512,,,,,0.0,,,,,,,0.1
st01,cifar10_headsh2,cifar10,headsh2,,ok,checkpoint.pt,101,200000,0.629668,0.6514819999999999,0.618265625,0.6262031249999999,0.8418,0.8434,0.429109500348568,256,2,64,5,,,random-pairing,512,,,,,0.0,,,,,,,0.1
st01,cifar10_headsh2_s1,cifar10,headsh2,1,ok,checkpoint.pt,101,200000,0.59862,0.608972,0.5402874999999999,0.54270078125,0.8019,0.8033,0.390096378326416,256,2,64,5,,,random-pairing,512,,,,,0.0,,,,,,,0.1
st01,cifar10_headsh2_s2,cifar10,headsh2,2,ok,checkpoint.pt,101,200000,0.6165360000000001,0.6569780000000001,0.6155640625000001,0.64125546875,0.8489,0.8503,0.46580119132995607,256,2,64,5,,,random-pairing,512,,,,,0.0,,,,,,,0.1
st01,cifar10_headsh8,cifar10,headsh8,,ok,checkpoint.pt,101,200000,0.6340859999999999,0.6684,0.6208406249999999,0.65016171875,0.845,0.8466,0.46494805067777634,256,8,64,5,,,random-pairing,512,,,,,0.0,,,,,,,0.1
st01,cifar10_headsh8_s1,cifar10,headsh8,1,ok,checkpoint.pt,101,200000,0.6640999999999999,0.678238,0.6530578125,0.66434921875,0.8392,0.8407,0.47992817014455796,256,8,64,5,,,random-pairing,512,,,,,0.0,,,,,,,0.1
st01,cifar10_headsh8_s2,cifar10,headsh8,2,ok,checkpoint.pt,101,200000,0.64119,0.6548920000000001,0.6513351562500002,0.6588492187500001,0.8507,0.8526,0.4960313007235527,256,8,64,5,,,random-pairing,512,,,,,0.0,,,,,,,0.1
st01,cifar10_memory_hidden_dimsmh1,cifar10,memory_hidden_dimsmh1,,ok,checkpoint.pt,101,200000,0.6664359999999999,0.6821980000000001,0.68324453125,0.6913171875,0.8417,0.8423,0.5205466136336326,256,16,1,5,,,random-pairing,512,,,,,0.0,,,,,,,0.1
st01,cifar10_memory_hidden_dimsmh1_s1,cifar10,memory_hidden_dimsmh1,1,ok,checkpoint.pt,2,2000,0.324694,0.324694,0.28950312500000003,0.28950312500000003,0.5863,0.5863,0.8613501459360122,256,16,1,5,,,random-pairing,512,,,,,0.0,,,,,,,0.1
st01,cifar10_memory_hidden_dimsmh1_s2,cifar10,memory_hidden_dimsmh1,2,ok,checkpoint.pt,101,200000,0.67235,0.680644,0.6606414062500001,0.66567890625,0.8428,0.8437,0.4642327815294266,256,16,1,5,,,random-pairing,512,,,,,0.0,,,,,,,0.1
st01,cifar10_memory_hidden_dimsmh2,cifar10,memory_hidden_dimsmh2,,ok,checkpoint.pt,101,200000,0.68104,0.6881559999999999,0.7048359375,0.707834375,0.843,0.8441,0.5169832780957222,256,16,2,5,,,random-pairing,512,,,,,0.0,,,,,,,0.1
st01,cifar10_memory_hidden_dimsmh2_s1,cifar10,memory_hidden_dimsmh2,1,ok,checkpoint.pt,101,200000,0.693688,0.7165640000000001,0.7195437500000001,0.73002578125,0.8392,0.8407,0.5203407078981399,256,16,2,5,,,random-pairing,512,,,,,0.0,,,,,,,0.1
st01,cifar10_memory_hidden_dimsmh2_s2,cifar10,memory_hidden_dimsmh2,2,ok,checkpoint.pt,101,200000,0.6301500000000001,0.647114,0.6475390625,0.6572234375000001,0.8482,0.8502,0.4861132651567459,256,16,2,5,,,random-pairing,512,,,,,0.0,,,,,,,0.1
st01,cifar10_memory_hidden_dimsmh32,cifar10,memory_hidden_dimsmh32,,ok,checkpoint.pt,101,200000,0.658914,0.6595059999999999,0.63121171875,0.633903125,0.8398,0.8421,0.454700368642807,256,16,32,5,,,random-pairing,512,,,,,0.0,,,,,,,0.1
st01,cifar10_memory_hidden_dimsmh32_s1,cifar10,memory_hidden_dimsmh32,1,ok,checkpoint.pt,101,200000,0.6948979999999999,0.7051040000000001,0.6949703125000001,0.6995656250000001,0.8433,0.8446,0.5080062136054039,256,16,32,5,,,random-pairing,512,,,,,0.0,,,,,,,0.1
st01,cifar10_memory_hidden_dimsmh32_s2,cifar10,memory_hidden_dimsmh32,2,ok,checkpoint.pt,101,200000,0.630288,0.6514719999999999,0.61611015625,0.62896796875,0.8464,0.8484,0.4547912314534187,256,16,32,5,,,random-pairing,512,,,,,0.0,,,,,,,0.1
st01,cifar10_nst_random-pairing,cifar10,nst_random-pairing,,ok,checkpoint.pt,101,200000,0.6635880000000001,0.6833280000000002,0.64621796875,0.6689296874999999,0.8456,0.847,0.44444129317998887,256,16,64,5,,,random-pairing,512,,,,,0.0,,,,,,,0.1
st01,cifar10_nst_random-pairing_s1,cifar10,nst_random-pairing,1,ok,checkpoint.pt,101,200000,0.54156,0.55315,0.48760234374999994,0.4918234375,0.8131,0.818,0.3619397133588791,256,16,64,5,,,random-pairing,512,,,,,0.0,,,,,,,0.1
st01,cifar10_nst_random-pairing_s2,cifar10,nst_random-pairing,2,ok,checkpoint.pt,101,200000,0.6556440000000001,0.6957440000000001,0.6117578125,0.6486812500000001,0.8413,0.8413,0.3562426283955574,256,16,64,5,,,random-pairing,512,,,,,0.0,,,,,,,0.1
st01,cifar10_synapse_depthsd1,cifar10,synapse_depthsd1,,ok,checkpoint.pt,101,200000,0.7131439999999999,0.7199920000000002,0.74481484375,0.7493507812500002,0.8298,0.8325,0.5679322972893714,256,16,64,1,,,random-pairing,512,,,,,0.0,,,,,,,0.1
st01,cifar10_synapse_depthsd1_s1,cifar10,synapse_depthsd1,1,ok,checkpoint.pt,101,200000,0.7275880000000001,0.734572,0.7560796875000001,0.75979765625,0.8375,0.8391,0.5489900961518288,256,16,64,1,,,random-pairing,512,,,,,0.0,,,,,,,0.1
st01,cifar10_synapse_depthsd1_s2,cifar10,synapse_depthsd1,2,ok,checkpoint.pt,101,200000,0.705138,0.7123120000000001,0.7414609374999999,0.7455960937499999,0.8427,0.8434,0.5133572235703469,256,16,64,1,,,random-pairing,512,,,,,0.0,,,,,,,0.1
st01,cifar10_synapse_depthsd2,cifar10,synapse_depthsd2,,ok,checkpoint.pt,101,200000,0.62684,0.652826,0.6194742187500001,0.6282382812499999,0.8361,0.8396,0.5104382663965226,256,16,64,2,,,random-pairing,512,,,,,0.0,,,,,,,0.1
st01,cifar10_synapse_depthsd2_s1,cifar10,synapse_depthsd2,1,ok,checkpoint.pt,101,200000,0.7280560000000001,0.7317460000000001,0.7280257812500001,0.73237890625,0.8323,0.8346,0.442998942732811,256,16,64,2,,,random-pairing,512,,,,,0.0,,,,,,,0.1
st01,cifar10_synapse_depthsd2_s2,cifar10,synapse_depthsd2,2,ok,checkpoint.pt,101,200000,0.65834,0.667664,0.6626968750000001,0.6652390625000001,0.8412,0.8426,0.50659269541502,256,16,64,2,,,random-pairing,512,,,,,0.0,,,,,,,0.1
st01,cifar10_synapse_depthsd8,cifar10,synapse_depthsd8,,ok,checkpoint.pt,101,200000,0.717646,0.724734,0.7078867187500001,0.7121039062499999,0.8512,0.8519,0.44800441414117814,256,16,64,8,,,random-pairing,512,,,,,0.0,,,,,,,0.1
st01,cifar10_synapse_depthsd8_s1,cifar10,synapse_depthsd8,1,ok,checkpoint.pt,101,200000,0.6460000000000001,0.7041299999999999,0.6178265625,0.6610250000000001,0.8387,0.8423,0.47890094518661497,256,16,64,8,,,random-pairing,512,,,,,0.0,,,,,,,0.1
st01,cifar10_synapse_depthsd8_s2,cifar10,synapse_depthsd8,2,ok,checkpoint.pt,101,200000,0.6969519999999999,0.7060020000000001,0.67170078125,0.6796976562499999,0.821,0.8441,0.4219144254922867,256,16,64,8,,,random-pairing,512,,,,,0.0,,,,,,,0.1
st01,mazes_d_model2x,mazes,d_model2x,,ok,checkpoint.pt,100,100000,0.8812493333333333,0.8898406666666667,0.8971953125,0.9080067187499999,0.89192,0.89836,0.3664349503815174,4096,16,32,8,,,first-last,64,,,,,0.0,,,,,,,0.1
st01,mazes_d_model2x_s1,mazes,d_model2x,1,ok,checkpoint.pt,100,100000,0.8919592,0.8938394666666666,0.9213923958333333,0.9236696875,0.90718,0.90794,0.3318325765430927,4096,16,32,8,,,first-last,64,,,,,0.0,,,,,,,0.1
st01,mazes_d_model2x_s2,mazes,d_model2x,2,ok,checkpoint.pt,100,100000,0.8608737333333333,0.8971737333333333,0.87854109375,0.9270653124999999,0.87645,0.90745,0.4289737083017826,4096,16,32,8,,,first-last,64,,,,,0.0,,,,,,,0.1
st01,mazes_d_modeld2,mazes,d_modeld2,,ok,checkpoint.pt,100,100000,0.8983397333333333,0.8985610666666666,0.9322372395833334,0.93477578125,0.90589,0.90594,0.40122002363204956,1024,16,32,8,,,first-last,64,,,,,0.0,,,,,,,0.1
st01,mazes_d_modeld2_s1,mazes,d_modeld2,1,ok,checkpoint.pt,100,100000,0.8834505333333335,0.8854849333333333,0.9018155208333333,0.9092059375,0.8917,0.8922,0.37136730179190636,1024,16,32,8,,,first-last,64,,,,,0.0,,,,,,,0.1
st01,mazes_d_modeld2_s2,mazes,d_modeld2,2,ok,checkpoint.pt,100,100000,0.8682154666666667,0.8698565333333333,0.88943625,0.8908764062500001,0.87975,0.87975,0.3991175517439842,1024,16,32,8,,,first-last,64,,,,,0.0,,,,,,,0.1
st01,mazes_d_modeld4,mazes,d_modeld4,,ok,checkpoint.pt,100,100000,0.8597743999999998,0.8806250666666665,0.8750453125,0.9111992708333334,0.87236,0.88851,0.43105436488986015,512,16,32,8,,,first-last,64,,,,,0.0,,,,,,,0.1
st01,mazes_d_modeld4_s1,mazes,d_modeld4,1,ok,checkpoint.pt,100,100000,0.8649278666666667,0.8649770666666666,0.8833192708333333,0.8836198958333334,0.87739,0.87832,0.40426357835531235,512,16,32,8,,,first-last,64,,,,,0.0,,,,,,,0.1
st01,mazes_d_modeld4_s2,mazes,d_modeld4,2,ok,checkpoint.pt,100,100000,0.8677870666666667,0.8684317333333333,0.8893007291666667,0.8952475000000001,0.87561,0.87667,0.4434504956007004,512,16,32,8,,,first-last,64,,,,,0.0,,,,,,,0.1
st01,mazes_headsh16,mazes,headsh16,,ok,checkpoint.pt,100,100000,0.9056530666666666,0.9057390666666666,0.9339769791666667,0.9354757291666667,0.91511,0.9153,0.3191283829510212,2048,16,32,8,,,first-last,64,,,,,0.0,,,,,,,0.1
st01,mazes_headsh16_s1,mazes,headsh16,1,ok,checkpoint.pt,100,100000,0.8943517333333333,0.8944929333333334,0.9240622916666668,0.92588828125,0.90302,0.90397,0.37055978551506996,2048,16,32,8,,,first-last,64,,,,,0.0,,,,,,,0.1
st01,mazes_headsh16_s2,mazes,headsh16,2,ok,checkpoint.pt,100,100000,0.8798995999999999,0.8801557333333333,0.9041655208333333,0.90658921875,0.8872,0.88777,0.4496070332825184,2048,16,32,8,,,first-last,64,,,,,0.0,,,,,,,0.1
st01,mazes_headsh2,mazes,headsh2,,ok,checkpoint.pt,100,100000,0.8876869333333334,0.8878970666666667,0.9199765625,0.9211391145833334,0.897,0.89719,0.4385266974568367,2048,2,32,8,,,first-last,64,,,,,0.0,,,,,,,0.1
st01,mazes_headsh2_s1,mazes,headsh2,1,ok,checkpoint.pt,100,100000,0.8913504,0.8917452,0.9339725520833334,0.9350775520833333,0.90197,0.90363,0.4616440460085869,2048,2,32,8,,,first-last,64,,,,,0.0,,,,,,,0.1
st01,mazes_headsh2_s2,mazes,headsh2,2,ok,checkpoint.pt,100,100000,0.8695693333333334,0.8719404,0.8867042187499999,0.8936574479166667,0.88187,0.88364,0.4001906290650368,2048,2,32,8,,,first-last,64,,,,,0.0,,,,,,,0.1
st01,mazes_headsh8,mazes,headsh8,,ok,checkpoint.pt,100,100000,0.8985052,0.8987284,0.9263873958333334,0.92810484375,0.9063,0.90735,0.3775534890592098,2048,8,32,8,,,first-last,64,,,,,0.0,,,,,,,0.1
st01,mazes_headsh8_s1,mazes,headsh8,1,ok,checkpoint.pt,100,100000,0.8958765333333334,0.8958765333333334,0.9274718229166666,0.9294140625,0.90551,0.90581,0.37594492733478546,2048,8,32,8,,,first-last,64,,,,,0.0,,,,,,,0.1
st01,mazes_headsh8_s2,mazes,headsh8,2,ok,checkpoint.pt,100,100000,0.8592570666666667,0.8799702666666666,0.8718159895833333,0.9052372916666667,0.87135,0.89171,0.43673157691955566,2048,8,32,8,,,first-last,64,,,,,0.0,,,,,,,0.1
st01,mazes_memory_hidden_dimsmh1,mazes,memory_hidden_dimsmh1,,ok,checkpoint.pt,100,100000,0.9035021333333333,0.9080844,0.9386616145833332,0.943076875,0.91288,0.91646,0.36888739094138145,2048,16,1,8,,,first-last,64,,,,,0.0,,,,,,,0.1
st01,mazes_memory_hidden_dimsmh1_s1,mazes,memory_hidden_dimsmh1,1,ok,checkpoint.pt,100,100000,0.9028186666666665,0.9030596,0.9627110416666667,0.9627110416666667,0.90993,0.91128,0.6717332005500793,2048,16,1,8,,,first-last,64,,,,,0.0,,,,,,,0.1
st01,mazes_memory_hidden_dimsmh1_s2,mazes,memory_hidden_dimsmh1,2,ok,checkpoint.pt,100,100000,0.9009913333333333,0.9012481333333333,0.9437786979166667,0.9438480208333334,0.90716,0.90821,0.5086670108139515,2048,16,1,8,,,first-last,64,,,,,0.0,,,,,,,0.1
st01,mazes_memory_hidden_dimsmh2,mazes,memory_hidden_dimsmh2,,ok,checkpoint.pt,100,100000,0.8972933333333333,0.8975357333333334,0.9276928645833332,0.9285904687500001,0.90659,0.90696,0.3521815575659275,2048,16,2,8,,,first-last,64,,,,,0.0,,,,,,,0.1
st01,mazes_memory_hidden_dimsmh2_s1,mazes,memory_hidden_dimsmh2,1,ok,checkpoint.pt,100,100000,0.8985930666666666,0.89869,0.944535625,0.9448677604166668,0.90506,0.90641,0.5400994382798672,2048,16,2,8,,,first-last,64,,,,,0.0,,,,,,,0.1
st01,mazes_memory_hidden_dimsmh2_s2,mazes,memory_hidden_dimsmh2,2,ok,checkpoint.pt,100,100000,0.8972950666666666,0.8975324,0.9363212499999999,0.9363822916666668,0.9052,0.90551,0.463582307100296,2048,16,2,8,,,first-last,64,,,,,0.0,,,,,,,0.1
st01,mazes_memory_hidden_dimsmh32,mazes,memory_hidden_dimsmh32,,ok,checkpoint.pt,100,100000,0.883394,0.9019977333333333,0.9008529687500001,0.9234680208333333,0.89451,0.91043,0.36844102665781975,2048,16,32,8,,,first-last,64,,,,,0.0,,,,,,,0.1
st01,mazes_memory_hidden_dimsmh32_s1,mazes,memory_hidden_dimsmh32,1,ok,checkpoint.pt,100,100000,0.7880782666666666,0.8828869333333333,0.7901478645833333,0.90840875,0.81609,0.8919,0.7466875091195107,2048,16,32,8,,,first-last,64,,,,,0.0,,,,,,,0.1
st01,mazes_memory_hidden_dimsmh32_s2,mazes,memory_hidden_dimsmh32,2,ok,checkpoint.pt,100,100000,0.7832606666666666,0.8680230666666666,0.7843571875,0.8892223437500001,0.80099,0.87793,0.8367077559232712,2048,16,32,8,,,first-last,64,,,,,0.0,,,,,,,0.1
st01,mazes_nst_first-last,mazes,nst_first-last,,ok,checkpoint.pt,100,100000,0.9034156,0.9038182666666668,0.9307220833333334,0.93226875,0.9105,0.91139,0.33467269875109196,2048,16,32,8,,,first-last,64,,,,,0.0,,,,,,,0.1
st01,mazes_nst_first-last_s1,mazes,nst_first-last,1,ok,checkpoint.pt,100,100000,0.9063829333333334,0.9063829333333334,0.9511479687500001,0.9527508333333334,0.91135,0.91259,0.4847267270088196,2048,16,32,8,,,first-last,64,,,,,0.0,,,,,,,0.1
st01,mazes_nst_first-last_s2,mazes,nst_first-last,2,ok,checkpoint.pt,100,100000,0.9029054666666666,0.9033724,0.9359067708333333,0.9387541145833334,0.90811,0.90899,0.38618286326527596,2048,16,32,8,,,first-last,64,,,,,0.0,,,,,,,0.1
st01,mazes_nst_random,mazes,nst_random,,ok,checkpoint.pt,100,100000,0.8101957333333333,0.8599533333333332,0.8172357812500001,0.8754744270833335,0.83473,0.87662,0.6260192692279816,2048,16,32,8,,,random,64,,,,,0.0,,,,,,,0.1
st01,mazes_nst_random-pairing,mazes,nst_random-pairing,,ok,checkpoint.pt,100,100000,0.8531573333333333,0.8585536,0.8920930729166667,0.89923859375,0.89639,0.89834,0.546154398471117,2048,16,32,8,,,random-pairing,64,,,,,0.0,,,,,,,0.1
st01,mazes_nst_random-pairing_s1,mazes,nst_random-pairing,1,ok,checkpoint.pt,100,100000,0.8661472,0.8677161333333333,0.9062665624999999,0.9090761458333333,0.90122,0.90347,0.5617915019392967,2048,16,32,8,,,random-pairing,64,,,,,0.0,,,,,,,0.1
st01,mazes_nst_random-pairing_s2,mazes,nst_random-pairing,2,ok,checkpoint.pt,100,100000,0.8697192,0.8714906666666667,0.911350625,0.9168394791666666,0.89659,0.89882,0.5846591964364052,2048,16,32,8,,,random-pairing,64,,,,,0.0,,,,,,,0.1
st01,mazes_nst_random_s1,mazes,nst_random,1,ok,checkpoint.pt,100,100000,0.8987143999999999,0.8987197333333332,0.9276907812499999,0.9298432291666666,0.90762,0.90816,0.37496593967080116,2048,16,32,8,,,random,64,,,,,0.0,,,,,,,0.1
st01,mazes_nst_random_s2,mazes,nst_random,2,ok,checkpoint.pt,100,100000,0.8929958666666667,0.8932889333333334,0.9312840625000001,0.9337066145833333,0.90952,0.90978,0.43318788707256317,2048,16,32,8,,,random,64,,,,,0.0,,,,,,,0.1
st01,mazes_synapse_depthsd1,mazes,synapse_depthsd1,,ok,checkpoint.pt,100,100000,0.8956434666666665,0.8957883999999999,0.9298117708333333,0.9326326562500001,0.90128,0.90284,0.433747336268425,2048,16,32,1,,,first-last,64,,,,,0.0,,,,,,,0.1
st01,mazes_synapse_depthsd1_s1,mazes,synapse_depthsd1,1,ok,checkpoint.pt,100,100000,0.8949557333333333,0.8951822666666667,0.9255260416666666,0.9255260416666666,0.90139,0.90182,0.39172834903001785,2048,16,32,1,,,first-last,64,,,,,0.0,,,,,,,0.1
st01,mazes_synapse_depthsd1_s2,mazes,synapse_depthsd1,2,ok,checkpoint.pt,100,100000,0.8620182666666666,0.8623978666666667,0.8818596875000001,0.8852813541666666,0.87307,0.87307,0.4204786717891693,2048,16,32,1,,,first-last,64,,,,,0.0,,,,,,,0.1
st01,mazes_synapse_depthsd2,mazes,synapse_depthsd2,,ok,checkpoint.pt,100,100000,0.9084113333333335,0.9091528,0.9651193750000001,0.9681927083333334,0.91562,0.91634,0.6464906260371208,2048,16,32,2,,,first-last,64,,,,,0.0,,,,,,,0.1
st01,mazes_synapse_depthsd2_s1,mazes,synapse_depthsd2,1,ok,checkpoint.pt,100,100000,0.9036441333333334,0.9040838666666666,0.94380265625,0.94721171875,0.90907,0.91035,0.4571542926132679,2048,16,32,2,,,first-last,64,,,,,0.0,,,,,,,0.1
st01,mazes_synapse_depthsd2_s2,mazes,synapse_depthsd2,2,ok,checkpoint.pt,100,100000,0.8970768,0.8979430666666667,0.9346611979166667,0.9350855729166666,0.90358,0.90445,0.4507442079484463,2048,16,32,2,,,first-last,64,,,,,0.0,,,,,,,0.1
st01,mazes_synapse_depthsd8,mazes,synapse_depthsd8,,ok,checkpoint.pt,100,100000,0.9052434666666667,0.9058813333333333,0.9324266666666666,0.9348003645833333,0.91362,0.91396,0.3261315692216158,2048,16,32,8,,,first-last,64,,,,,0.0,,,,,,,0.1
st01,mazes_synapse_depthsd8_s1,mazes,synapse_depthsd8,1,ok,checkpoint.pt,100,100000,0.8794586666666667,0.8836360000000001,0.9029274479166667,0.9073838541666667,0.89111,0.89262,0.4091177098453045,2048,16,32,8,,,first-last,64,,,,,0.0,,,,,,,0.1
st01,mazes_synapse_depthsd8_s2,mazes,synapse_depthsd8,2,ok,checkpoint.pt,100,100000,0.8751826666666667,0.8753136,0.8924180729166665,0.8953430208333334,0.88788,0.88804,0.3888267055153847,2048,16,32,8,,,first-last,64,,,,,0.0,,,,,,,0.1
st01,parity_d_model2x,parity,d_model2x,,ok,checkpoint_200000.pt,201,200000,0.7290852089533729,0.7292932322668653,0.7290581597222223,0.7291876705109126,0.9614955357142857,0.9614955357142857,0.048834233766510374,2048,8,16,1,,,random,64,,,,,0.0,,,,,,,0.1
st01,parity_d_model2x_s1,parity,d_model2x,1,ok,checkpoint_200000.pt,201,200000,0.7403123837425595,0.7405625697544643,0.7398844788566469,0.7406507703993055,1.0,1.0,7.929281201325805e-09,2048,8,16,1,,,random,64,,,,,0.0,,,,,,,0.1
st01,parity_d_model2x_s2,parity,d_model2x,2,ok,checkpoint_200000.pt,201,200000,0.7668394252232144,0.7709774538070436,0.766981685577877,0.7710103934151786,0.9999970935639881,1.0,4.143820000050438e-06,2048,8,16,1,,,random,64,,,,,0.0,,,,,,,0.1
st01,parity_d_modeld2,parity,d_modeld2,,ok,checkpoint_200000.pt,201,200000,0.6454577830481151,0.6462819707961309,0.64614994109623,0.6461895073784722,0.8204461960565477,0.8214401971726191,0.24499566427298955,512,8,16,1,,,random,64,,,,,0.0,,,,,,,0.1
st01,parity_d_modeld2_s1,parity,d_modeld2,1,ok,checkpoint_200000.pt,201,200000,0.7586424231150793,0.7591077241443451,0.7586688523065476,0.7592553323412697,1.0,1.0,3.502282588808639e-08,512,8,16,1,,,random,64,,,,,0.0,,,,,,,0.1
st01,parity_d_modeld2_s2,parity,d_modeld2,2,ok,checkpoint_200000.pt,201,200000,0.769396003844246,0.7700225539434524,0.76959716796875,0.7700347997271826,0.9999215262276786,1.0,0.00021100595902583713,512,8,16,1,,,random,64,,,,,0.0,,,,,,,0.1
st01,parity_d_modeld4,parity,d_modeld4,,ok,checkpoint_200000.pt,201,200000,0.660881115141369,0.6610928586929563,0.6606312391493057,0.6610857669890874,0.8235735212053571,0.8240937732514881,0.24825662161622727,256,8,16,1,,,random,64,,,,,0.0,,,,,,,0.1
st01,parity_d_modeld4_s1,parity,d_modeld4,1,ok,checkpoint_200000.pt,201,200000,0.6496122426835317,0.6503188941592262,0.6497750031001985,0.6505753580729167,0.7264753069196429,0.7282046363467262,0.37131661886260625,256,8,16,1,,,random,64,,,,,0.0,,,,,,,0.1
st01,parity_d_modeld4_s2,parity,d_modeld4,2,ok,checkpoint_200000.pt,201,200000,0.6334217277405753,0.6343323335193451,0.6335560825892858,0.6341867016989087,0.7600242978050595,0.7612885974702381,0.3317368995575678,256,8,16,1,,,random,64,,,,,0.0,,,,,,,0.1
st01,parity_headsh16,parity,headsh16,,ok,checkpoint_200000.pt,201,200000,0.7453298998635912,0.7516251627604168,0.7460169425843254,0.7515863715277779,1.0,1.0,1.6723540660342789e-09,1024,16,16,1,,,random,64,,,,,0.0,,,,,,,0.1
st01,parity_headsh16_s1,parity,headsh16,1,ok,checkpoint_200000.pt,201,200000,0.7686141725570437,0.7686454070560516,0.7684113420758928,0.7687843346974208,1.0,1.0,9.384091673368479e-10,1024,16,16,1,,,random,64,,,,,0.0,,,,,,,0.1
st01,parity_headsh16_s2,parity,headsh16,2,ok,checkpoint_200000.pt,201,200000,0.7117285543774802,0.7127895972842261,0.7124659753224207,0.7128079659598214,0.9999099004836309,0.9999476841517857,0.00026677501279794214,1024,16,16,1,,,random,64,,,,,0.0,,,,,,,0.1
st01,parity_headsh2,parity,headsh2,,ok,checkpoint_200000.pt,201,200000,0.6748918030753968,0.6753901212177579,0.6750651816716271,0.675360088045635,0.7644507998511905,0.7644507998511905,0.3223665654659271,1024,2,16,1,,,random,64,,,,,0.0,,,,,,,0.1
st01,parity_headsh2_s1,parity,headsh2,1,ok,checkpoint_200000.pt,201,200000,0.6519683159722222,0.6525451466393849,0.6515508355034721,0.652614009796627,0.8284214564732143,0.8299647739955357,0.2263210742246537,1024,2,16,1,,,random,64,,,,,0.0,,,,,,,0.1
st01,parity_headsh2_s2,parity,headsh2,2,ok,checkpoint_200000.pt,201,200000,0.6601364087301587,0.6605249798487104,0.660123542906746,0.6606742931547619,0.7804071335565477,0.7821597144717262,0.28907511063984465,1024,2,16,1,,,random,64,,,,,0.0,,,,,,,0.1
st01,parity_headsh8,parity,headsh8,,ok,checkpoint_200000.pt,201,200000,0.6797026909722222,0.6797130766369047,0.6792320421006945,0.679769035218254,0.8803681873139881,0.8820684523809523,0.16327074382986342,1024,8,16,1,,,random,64,,,,,0.0,,,,,,,0.1
st01,parity_headsh8_s1,parity,headsh8,1,ok,checkpoint_200000.pt,201,200000,0.707051285032242,0.7077302672371032,0.7073894391741072,0.7076383076016864,0.9679797944568452,0.9689069475446429,0.04542304256132671,1024,8,16,1,,,random,64,,,,,0.0,,,,,,,0.1
st01,parity_headsh8_s2,parity,headsh8,2,ok,checkpoint_200000.pt,201,200000,0.6491181098090277,0.6848913380456351,0.6492750961061509,0.6850835503472222,0.9999360584077381,0.9999447777157738,0.00016817393450418465,1024,8,16,1,,,random,64,,,,,0.0,,,,,,,0.1
st01,parity_memory_hidden_dimsmh1,parity,memory_hidden_dimsmh1,,ok,checkpoint_200000.pt,201,200000,0.6136038256448412,0.6144337875124009,0.6140808686755953,0.6144770352802579,0.8410063244047619,0.8423694428943452,0.22047698142982664,1024,8,1,1,,,random,64,,,,,0.0,,,,,,,0.1
st01,parity_memory_hidden_dimsmh1_s1,parity,memory_hidden_dimsmh1,1,ok,checkpoint_200000.pt,201,200000,0.7551708596850197,0.7551708596850197,0.7551108320932541,0.7551108320932541,0.9999709356398809,0.9999854678199405,9.126250924531459e-05,1024,8,1,1,,,random,64,,,,,0.0,,,,,,,0.1
st01,parity_memory_hidden_dimsmh1_s2,parity,memory_hidden_dimsmh1,2,ok,checkpoint_200000.pt,201,200000,0.7068038504464287,0.7082559446304565,0.7072303989955357,0.7084568374875992,0.9999738420758929,1.0,9.400399554677852e-05,1024,8,1,1,,,random,64,,,,,0.0,,,,,,,0.1
st01,parity_memory_hidden_dimsmh2,parity,memory_hidden_dimsmh2,,ok,checkpoint_200000.pt,201,200000,0.7290824187748016,0.733043426029266,0.7287547278025793,0.7330251736111112,0.9507242838541666,0.9561709449404762,0.07475365201632182,1024,8,2,1,,,random,64,,,,,0.0,,,,,,,0.1
st01,parity_memory_hidden_dimsmh2_s1,parity,memory_hidden_dimsmh2,1,ok,checkpoint_200000.pt,201,200000,0.6554586356026786,0.6561304098462302,0.6550469680059524,0.6557284303695436,0.9556303478422619,0.9562203543526786,0.06637739957798094,1024,8,2,1,,,random,64,,,,,0.0,,,,,,,0.1
st01,parity_memory_hidden_dimsmh2_s2,parity,memory_hidden_dimsmh2,2,ok,checkpoint_200000.pt,201,200000,0.6505851236979165,0.6520987955729166,0.6500844416542658,0.6522164093501984,0.9511195591517857,0.9515119280133929,0.07122305745170229,1024,8,2,1,,,random,64,,,,,0.0,,,,,,,0.1
st01,parity_memory_hidden_dimsmh32,parity,memory_hidden_dimsmh32,,ok,checkpoint_200000.pt,201,200000,0.7558981274801587,0.7584392826140873,0.7563450598338293,0.7585620504712303,1.0,1.0,5.609697319574111e-07,1024,8,32,1,,,random,64,,,,,0.0,,,,,,,0.1
st01,parity_memory_hidden_dimsmh32_s1,parity,memory_hidden_dimsmh32,1,ok,checkpoint_200000.pt,201,200000,0.6292208426339284,0.6842592850942459,0.6290197172619048,0.683927525111607,0.7117861793154762,0.7654680524553571,0.3900281730152312,1024,8,32,1,,,random,64,,,,,0.0,,,,,,,0.1
st01,parity_memory_hidden_dimsmh32_s2,parity,memory_hidden_dimsmh32,2,ok,checkpoint_200000.pt,201,200000,0.6944576590401786,0.7363847036210318,0.6942722671750992,0.7365156482514882,0.9571242559523809,1.0,0.06419855675527028,1024,8,32,1,,,random,64,,,,,0.0,,,,,,,0.1
st01,parity_nst_first-last,parity,nst_first-last,,ok,checkpoint_200000.pt,201,200000,0.7475123232886905,0.775967029389881,0.7470154777405754,0.7752674696180555,0.9984566824776786,0.9994332449776786,0.0035825733184104876,1024,8,16,1,,,first-last,64,,,,,0.0,,,,,,,0.1
st01,parity_nst_first-last_s1,parity,nst_first-last,1,ok,checkpoint_200000.pt,201,200000,0.6766597687251984,0.6775043015252976,0.6767363823784722,0.6773457651289683,0.9279436383928571,0.9284638904389881,0.09699787838118416,1024,8,16,1,,,first-last,64,,,,,0.0,,,,,,,0.1
st01,parity_nst_first-last_s2,parity,nst_first-last,2,ok,checkpoint_200000.pt,201,200000,0.7742812189980159,0.7748938182043651,0.7748265438988096,0.7748265438988096,0.9999331519717262,0.9999709356398809,0.0001361504085989076,1024,8,16,1,,,first-last,64,,,,,0.0,,,,,,,0.1
st01,parity_nst_random,parity,nst_random,,ok,checkpoint_200000.pt,201,200000,0.6797026909722222,0.6797130766369047,0.6792320421006945,0.679769035218254,0.8803681873139881,0.8820684523809523,0.16327074382986342,1024,8,16,1,,,random,64,,,,,0.0,,,,,,,0.1
st01,parity_nst_random-pairing,parity,nst_random-pairing,,ok,checkpoint_200000.pt,201,200000,0.6957807074652778,0.6961503673735119,0.6957347857762896,0.6963233971974206,0.8224051339285714,0.8226521809895834,0.25036010500930606,1024,8,16,1,,,random-pairing,64,,,,,0.0,,,,,,,0.1
st01,parity_nst_random-pairing_s1,parity,nst_random-pairing,1,ok,checkpoint_200000.pt,201,200000,0.6950856042286707,0.6964844912574405,0.6958060903397818,0.6963745504712301,0.8040858677455357,0.8055594308035714,0.27486883316721233,1024,8,16,1,,,random-pairing,64,,,,,0.0,,,,,,,0.1
st01,parity_nst_random-pairing_s2,parity,nst_random-pairing,2,ok,checkpoint_200000.pt,201,200000,0.6796895538814484,0.6858825102306548,0.6802882021949406,0.6856067475818451,0.7931605747767857,0.7951602027529762,0.29079127879369826,1024,8,16,1,,,random-pairing,64,,,,,0.0,,,,,,,0.1
st01,parity_nst_random_s1,parity,nst_random,1,ok,checkpoint_200000.pt,201,200000,0.707051285032242,0.7077302672371032,0.7073894391741072,0.7076383076016864,0.9679797944568452,0.9689069475446429,0.04542304256132671,1024,8,16,1,,,random,64,,,,,0.0,,,,,,,0.1
st01,parity_nst_random_s2,parity,nst_random,2,ok,checkpoint_200000.pt,201,200000,0.6491181098090277,0.6848913380456351,0.6492750961061509,0.6850835503472222,0.9999360584077381,0.9999447777157738,0.00016817393450418465,1024,8,16,1,,,random,64,,,,,0.0,,,,,,,0.1
st01,parity_synapse_depthsd1,parity,synapse_depthsd1,,ok,checkpoint_200000.pt,201,200000,0.6797026909722222,0.6797130766369047,0.6792320421006945,0.679769035218254,0.8803681873139881,0.8820684523809523,0.16327074382986342,1024,8,16,1,,,random,64,,,,,0.0,,,,,,,0.1
st01,parity_synapse_depthsd1_s1,parity,synapse_depthsd1,1,ok,checkpoint_200000.pt,201,200000,0.707051285032242,0.7077302672371032,0.7073894391741072,0.7076383076016864,0.9679797944568452,0.9689069475446429,0.04542304256132671,1024,8,16,1,,,random,64,,,,,0.0,,,,,,,0.1
st01,parity_synapse_depthsd1_s2,parity,synapse_depthsd1,2,ok,checkpoint_200000.pt,201,200000,0.6491181098090277,0.6848913380456351,0.6492750961061509,0.6850835503472222,0.9999360584077381,0.9999447777157738,0.00016817393450418465,1024,8,16,1,,,random,64,,,,,0.0,,,,,,,0.1
st01,parity_synapse_depthsd2,parity,synapse_depthsd2,,ok,checkpoint_200000.pt,201,200000,0.7269269283234127,0.7357315693204366,0.7270655846974206,0.7358536008804564,1.0,1.0,2.166329786060107e-08,1024,8,16,2,,,random,64,,,,,0.0,,,,,,,0.1
st01,parity_synapse_depthsd2_s1,parity,synapse_depthsd2,1,ok,checkpoint_200000.pt,201,200000,0.7468902684771825,0.7496412682911707,0.7463857499379961,0.7503906637524802,1.0,1.0,1.3425849907682042e-10,1024,8,16,2,,,random,64,,,,,0.0,,,,,,,0.1
st01,parity_synapse_depthsd2_s2,parity,synapse_depthsd2,2,ok,checkpoint_200000.pt,201,200000,0.7394416542658729,0.749585697234623,0.738822002108135,0.7496265423487103,1.0,1.0,2.064933456429746e-10,1024,8,16,2,,,random,64,,,,,0.0,,,,,,,0.1
st01,parity_synapse_depthsd8,parity,synapse_depthsd8,,ok,checkpoint_200000.pt,201,200000,0.7098048812624008,0.7192597113715278,0.7099982948908731,0.7192506432911707,0.9998052687872023,0.9999302455357143,0.00031624064078595806,1024,8,16,8,,,random,64,,,,,0.0,,,,,,,0.1
st01,parity_synapse_depthsd8_s1,parity,synapse_depthsd8,1,ok,checkpoint_200000.pt,201,200000,0.7074883355034722,0.7128049820188492,0.7081466238839286,0.7126034303695435,1.0,1.0,4.369678838344102e-09,1024,8,16,8,,,random,64,,,,,0.0,,,,,,,0.1
st01,parity_synapse_depthsd8_s2,parity,synapse_depthsd8,2,ok,checkpoint_200000.pt,201,200000,0.8253214518229166,0.8253214518229166,0.8250600275917659,0.8250600275917659,0.94696044921875,0.9473005022321429,0.06590275785752706,1024,8,16,8,,,random,64,,,,,0.0,,,,,,,0.1
st01,sort_d_model2x,sort,d_model2x,,ok,checkpoint.pt,101,100000,0.8625,0.9336805555555555,0.94375,0.94375,,,0.04106716066598892,1024,4,4,4,,,random-pairing,32,,,,,0.0,,,,,,,0.1
st01,sort_d_model2x_s1,sort,d_model2x,1,ok,checkpoint.pt,101,100000,0.9371527777777777,0.9371527777777777,0.9104166666666667,0.9381944444444444,,,0.03264200625320276,1024,4,4,4,,,random-pairing,32,,,,,0.0,,,,,,,0.1
st01,sort_d_model2x_s2,sort,d_model2x,2,ok,checkpoint.pt,101,100000,0.815625,0.9003472222222222,0.8708333333333333,0.8836805555555556,,,0.04880498101313909,1024,4,4,4,,,random-pairing,32,,,,,0.0,,,,,,,0.1
st01,sort_d_modeld2,sort,d_modeld2,,ok,checkpoint.pt,101,100000,0.7916666666666666,0.7916666666666666,0.7770833333333333,0.7875,,,0.08157128343979518,256,4,4,4,,,random-pairing,32,,,,,0.0,,,,,,,0.1
st01,sort_d_modeld2_s1,sort,d_modeld2,1,ok,checkpoint.pt,101,100000,0.6645833333333333,0.7989583333333333,0.7690972222222222,0.7899305555555556,,,0.09869619210561116,256,4,4,4,,,random-pairing,32,,,,,0.0,,,,,,,0.1
st01,sort_d_modeld2_s2,sort,d_modeld2,2,ok,checkpoint.pt,101,100000,0.7371527777777778,0.8454861111111112,0.7902777777777777,0.8618055555555556,,,0.09215241422255833,256,4,4,4,,,random-pairing,32,,,,,0.0,,,,,,,0.1
st01,sort_d_modeld4,sort,d_modeld4,,ok,checkpoint.pt,101,100000,0.6388888888888888,0.7013888888888888,0.6295138888888889,0.6777777777777778,,,0.10734429707129796,128,4,4,4,,,random-pairing,32,,,,,0.0,,,,,,,0.1
st01,sort_d_modeld4_s1,sort,d_modeld4,1,ok,checkpoint.pt,101,100000,0.5170138888888889,0.5496527777777778,0.5034722222222222,0.5986111111111111,,,0.1531393826007843,128,4,4,4,,,random-pairing,32,,,,,0.0,,,,,,,0.1
st01,sort_d_modeld4_s2,sort,d_modeld4,2,ok,checkpoint.pt,101,100000,0.49583333333333335,0.5322916666666667,0.4690972222222222,0.5760416666666667,,,0.1624352435270945,128,4,4,4,,,random-pairing,32,,,,,0.0,,,,,,,0.1
st01,sort_headsh16,sort,headsh16,,ok,checkpoint.pt,101,100000,0.8125,0.8753472222222223,0.8597222222222223,0.8986111111111111,,,0.0482308113326629,512,16,4,4,,,random-pairing,32,,,,,0.0,,,,,,,0.1
st01,sort_headsh16_s1,sort,headsh16,1,ok,checkpoint.pt,101,100000,0.9166666666666666,0.9545138888888889,0.9072916666666667,0.9371527777777777,,,0.03447251208126545,512,16,4,4,,,random-pairing,32,,,,,0.0,,,,,,,0.1
st01,sort_headsh16_s2,sort,headsh16,2,ok,checkpoint.pt,101,100000,0.8888888888888888,0.9461805555555556,0.8760416666666667,0.9072916666666667,,,0.04546785354614258,512,16,4,4,,,random-pairing,32,,,,,0.0,,,,,,,0.1
st01,sort_headsh2,sort,headsh2,,ok,checkpoint.pt,101,100000,0.8125,0.8753472222222223,0.8597222222222223,0.8986111111111111,,,0.0482308113326629,512,2,4,4,,,random-pairing,32,,,,,0.0,,,,,,,0.1
st01,sort_headsh2_s1,sort,headsh2,1,ok,checkpoint.pt,101,100000,0.9166666666666666,0.9545138888888889,0.9072916666666667,0.9371527777777777,,,0.03447251208126545,512,2,4,4,,,random-pairing,32,,,,,0.0,,,,,,,0.1
st01,sort_headsh2_s2,sort,headsh2,2,ok,checkpoint.pt,101,100000,0.8888888888888888,0.9461805555555556,0.8760416666666667,0.9072916666666667,,,0.04546785354614258,512,2,4,4,,,random-pairing,32,,,,,0.0,,,,,,,0.1
st01,sort_headsh8,sort,headsh8,,ok,checkpoint.pt,101,100000,0.8125,0.8753472222222223,0.8597222222222223,0.8986111111111111,,,0.0482308113326629,512,8,4,4,,,random-pairing,32,,,,,0.0,,,,,,,0.1
st01,sort_headsh8_s1,sort,headsh8,1,ok,checkpoint.pt,101,100000,0.9166666666666666,0.9545138888888889,0.9072916666666667,0.9371527777777777,,,0.03447251208126545,512,8,4,4,,,random-pairing,32,,,,,0.0,,,,,,,0.1
st01,sort_headsh8_s2,sort,headsh8,2,ok,checkpoint.pt,101,100000,0.8888888888888888,0.9461805555555556,0.8760416666666667,0.9072916666666667,,,0.04546785354614258,512,8,4,4,,,random-pairing,32,,,,,0.0,,,,,,,0.1
st01,sort_memory_hidden_dimsmh1,sort,memory_hidden_dimsmh1,,ok,checkpoint.pt,101,100000,0.8170138888888889,0.8913194444444444,0.8225694444444445,0.8597222222222223,,,0.05779805531104406,512,4,1,4,,,random-pairing,32,,,,,0.0,,,,,,,0.1
st01,sort_memory_hidden_dimsmh1_s1,sort,memory_hidden_dimsmh1,1,ok,checkpoint.pt,101,100000,0.5420138888888889,0.6104166666666667,0.5180555555555556,0.6086805555555556,,,0.17258894443511963,512,4,1,4,,,random-pairing,32,,,,,0.0,,,,,,,0.1
st01,sort_memory_hidden_dimsmh1_s2,sort,memory_hidden_dimsmh1,2,ok,checkpoint.pt,101,100000,0.5059027777777778,0.5461805555555556,0.4864583333333333,0.5690972222222223,,,0.16775153577327728,512,4,1,4,,,random-pairing,32,,,,,0.0,,,,,,,0.1
st01,sort_memory_hidden_dimsmh2,sort,memory_hidden_dimsmh2,,ok,checkpoint.pt,101,100000,0.8465277777777778,0.8524305555555556,0.8354166666666667,0.8763888888888889,,,0.05083883057037989,512,4,2,4,,,random-pairing,32,,,,,0.0,,,,,,,0.1
st01,sort_memory_hidden_dimsmh2_s1,sort,memory_hidden_dimsmh2,1,ok,checkpoint.pt,101,100000,0.8159722222222222,0.9010416666666666,0.8072916666666666,0.9048611111111111,,,0.059218861162662506,512,4,2,4,,,random-pairing,32,,,,,0.0,,,,,,,0.1
st01,sort_memory_hidden_dimsmh2_s2,sort,memory_hidden_dimsmh2,2,ok,checkpoint.pt,101,100000,0.859375,0.859375,0.8152777777777778,0.8628472222222222,,,0.042137312392393746,512,4,2,4,,,random-pairing,32,,,,,0.0,,,,,,,0.1
st01,sort_memory_hidden_dimsmh32,sort,memory_hidden_dimsmh32,,ok,checkpoint.pt,101,100000,0.7899305555555556,0.8756944444444444,0.846875,0.8503472222222223,,,0.07807355125745137,512,4,32,4,,,random-pairing,32,,,,,0.0,,,,,,,0.1
st01,sort_memory_hidden_dimsmh32_s1,sort,memory_hidden_dimsmh32,1,ok,checkpoint.pt,101,100000,0.8486111111111111,0.91875,0.8784722222222222,0.9024305555555555,,,0.051563521226247154,512,4,32,4,,,random-pairing,32,,,,,0.0,,,,,,,0.1
st01,sort_memory_hidden_dimsmh32_s2,sort,memory_hidden_dimsmh32,2,ok,checkpoint.pt,101,100000,0.8986111111111111,0.9194444444444444,0.8611111111111112,0.925,,,0.05510510007540385,512,4,32,4,,,random-pairing,32,,,,,0.0,,,,,,,0.1
st01,sort_nst_first-last,sort,nst_first-last,,ok,checkpoint.pt,101,100000,0.85625,0.9,0.9079861111111112,0.9079861111111112,,,0.03943411881724993,512,4,4,4,,,first-last,32,,,,,0.0,,,,,,,0.1
st01,sort_nst_first-last_s1,sort,nst_first-last,1,ok,checkpoint.pt,101,100000,0.8520833333333333,0.8520833333333333,0.8024305555555555,0.8753472222222223,,,0.05351881186167399,512,4,4,4,,,first-last,32,,,,,0.0,,,,,,,0.1
st01,sort_nst_first-last_s2,sort,nst_first-last,2,ok,checkpoint.pt,101,100000,0.8472222222222222,0.8986111111111111,0.8708333333333333,0.9208333333333333,,,0.03721305107076963,512,4,4,4,,,first-last,32,,,,,0.0,,,,,,,0.1
st01,sort_nst_random,sort,nst_random,,ok,checkpoint.pt,101,100000,0.8600694444444444,0.915625,0.8774305555555556,0.9229166666666667,,,0.03735967228809992,512,4,4,4,,,random,32,,,,,0.0,,,,,,,0.1
st01,sort_nst_random-pairing,sort,nst_random-pairing,,ok,checkpoint.pt,101,100000,0.8125,0.8753472222222223,0.8597222222222223,0.8986111111111111,,,0.0482308113326629,512,4,4,4,,,random-pairing,32,,,,,0.0,,,,,,,0.1
st01,sort_nst_random-pairing_s1,sort,nst_random-pairing,1,ok,checkpoint.pt,101,100000,0.9166666666666666,0.9545138888888889,0.9072916666666667,0.9371527777777777,,,0.03447251208126545,512,4,4,4,,,random-pairing,32,,,,,0.0,,,,,,,0.1
st01,sort_nst_random-pairing_s2,sort,nst_random-pairing,2,ok,checkpoint.pt,101,100000,0.8888888888888888,0.9461805555555556,0.8760416666666667,0.9072916666666667,,,0.04546785354614258,512,4,4,4,,,random-pairing,32,,,,,0.0,,,,,,,0.1
st01,sort_nst_random_s1,sort,nst_random,1,ok,checkpoint.pt,101,100000,0.8552083333333333,0.8847222222222222,0.8600694444444444,0.9236111111111112,,,0.051954018572966255,512,4,4,4,,,random,32,,,,,0.0,,,,,,,0.1
st01,sort_nst_random_s2,sort,nst_random,2,ok,checkpoint.pt,101,100000,0.846875,0.8479166666666667,0.8010416666666667,0.84375,,,0.04704623172680537,512,4,4,4,,,random,32,,,,,0.0,,,,,,,0.1
st01,sort_synapse_depthsd1,sort,synapse_depthsd1,,ok,checkpoint.pt,101,100000,0.7961805555555556,0.8423611111111111,0.7430555555555556,0.834375,,,0.05681284765402476,512,4,4,1,,,random-pairing,32,,,,,0.0,,,,,,,0.1
st01,sort_synapse_depthsd1_s1,sort,synapse_depthsd1,1,ok,checkpoint.pt,101,100000,0.8152777777777778,0.8496527777777778,0.8427083333333333,0.8427083333333333,,,0.04384355122844378,512,4,4,1,,,random-pairing,32,,,,,0.0,,,,,,,0.1
st01,sort_synapse_depthsd1_s2,sort,synapse_depthsd1,2,ok,checkpoint.pt,101,100000,0.8475694444444445,0.8614583333333333,0.8090277777777778,0.8329861111111111,,,0.04706281671921412,512,4,4,1,,,random-pairing,32,,,,,0.0,,,,,,,0.1
st01,sort_synapse_depthsd2,sort,synapse_depthsd2,,ok,checkpoint.pt,101,100000,0.8729166666666667,0.8729166666666667,0.7815972222222223,0.8739583333333333,,,0.04300982505083084,512,4,4,2,,,random-pairing,32,,,,,0.0,,,,,,,0.1
st01,sort_synapse_depthsd2_s1,sort,synapse_depthsd2,1,ok,checkpoint.pt,101,100000,0.7385416666666667,0.8069444444444445,0.8295138888888889,0.8423611111111111,,,0.06699183583259583,512,4,4,2,,,random-pairing,32,,,,,0.0,,,,,,,0.1
st01,sort_synapse_depthsd2_s2,sort,synapse_depthsd2,2,ok,checkpoint.pt,101,100000,0.8295138888888889,0.8295138888888889,0.8368055555555556,0.8368055555555556,,,0.052941969285408653,512,4,4,2,,,random-pairing,32,,,,,0.0,,,,,,,0.1
st01,sort_synapse_depthsd8,sort,synapse_depthsd8,,ok,checkpoint.pt,101,100000,0.8503472222222223,0.8819444444444444,0.8534722222222222,0.8954861111111111,,,0.058800594260295234,512,4,4,8,,,random-pairing,32,,,,,0.0,,,,,,,0.1
st01,sort_synapse_depthsd8_s1,sort,synapse_depthsd8,1,ok,checkpoint.pt,101,100000,0.7871527777777778,0.8503472222222223,0.8128472222222223,0.8767361111111112,,,0.07738315810759862,512,4,4,8,,,random-pairing,32,,,,,0.0,,,,,,,0.1
st01,sort_synapse_depthsd8_s2,sort,synapse_depthsd8,2,ok,checkpoint.pt,101,100000,0.7704861111111111,0.8006944444444445,0.7284722222222222,0.8486111111111111,,,0.09453221410512924,512,4,4,8,,,random-pairing,32,,,,,0.0,,,,,,,0.1
st02,cifar10_tick1,cifar10,tick1,,ok,checkpoint.pt,101,200000,0.845,0.8488,0.95671875,0.959375,0.845,0.8488,0.9292070418596268,256,16,64,5,,,random-pairing,512,,,,,0.0,,,,,,,0.1
st02,cifar10_tick10,cifar10,tick10,,ok,checkpoint.pt,3,4000,0.39103000000000004,0.39103000000000004,0.35535546875,0.35535546875,0.7056,0.7056,0.6031726628541947,256,16,64,5,,,random-pairing,512,,,,,0.0,,,,,,,0.1
st02,cifar10_tick10_s1,cifar10,tick10,1,ok,checkpoint.pt,101,200000,0.57759,0.5925900000000001,0.5402968749999999,0.545421875,0.841,0.8482,0.5442503958940506,256,16,64,5,,,random-pairing,512,,,,,0.0,,,,,,,0.1
st02,cifar10_tick10_s2,cifar10,tick10,2,ok,checkpoint.pt,101,200000,0.5736,0.59413,0.5149687500000001,0.5231796875,0.8477,0.8513,0.5193326011300087,256,16,64,5,,,random-pairing,512,,,,,0.0,,,,,,,0.1
st02,cifar10_tick1_s1,cifar10,tick1,1,ok,checkpoint.pt,101,200000,0.8507,0.8527,0.9572265625,0.959453125,0.8507,0.8527,0.9280489355325698,256,16,64,5,,,random-pairing,512,,,,,0.0,,,,,,,0.1
st02,cifar10_tick1_s2,cifar10,tick1,2,ok,checkpoint.pt,101,200000,0.8471,0.85,0.9578125,0.961640625,0.8471,0.85,0.9640774428844452,256,16,64,5,,,random-pairing,512,,,,,0.0,,,,,,,0.1
st02,cifar10_tick2,cifar10,tick2,,ok,checkpoint.pt,4,6000,0.6043499999999999,0.6043499999999999,0.5792578125000001,0.5792578125000001,0.781,0.781,0.5524818807840347,256,16,64,5,,,random-pairing,512,,,,,0.0,,,,,,,0.1
st02,cifar10_tick25,cifar10,tick25,,ok,checkpoint.pt,101,200000,0.629252,0.6446160000000001,0.62289375,0.6365375,0.8444,0.8453,0.5090202912688255,256,16,64,5,,,random-pairing,512,,,,,0.0,,,,,,,0.1
st02,cifar10_tick25_s1,cifar10,tick25,1,ok,checkpoint.pt,101,200000,0.6147279999999999,0.637876,0.616328125,0.6288703124999999,0.8491,0.8509,0.503497625887394,256,16,64,5,,,random-pairing,512,,,,,0.0,,,,,,,0.1
st02,cifar10_tick25_s2,cifar10,tick25,2,ok,checkpoint.pt,101,200000,0.6407200000000001,0.6797719999999999,0.6494359375,0.6723343749999999,0.8505,0.8517,0.490306493639946,256,16,64,5,,,random-pairing,512,,,,,0.0,,,,,,,0.1
st02,cifar10_tick2_s1,cifar10,tick2,1,ok,checkpoint.pt,101,200000,0.707,0.7168,0.7193945312500001,0.7220703125000001,0.8465,0.8473,0.6534637659788132,256,16,64,5,,,random-pairing,512,,,,,0.0,,,,,,,0.1
st02,cifar10_tick2_s2,cifar10,tick2,2,ok,checkpoint.pt,101,200000,0.6453,0.67735,0.68515625,0.69341796875,0.8435,0.8479,0.626608157157898,256,16,64,5,,,random-pairing,512,,,,,0.0,,,,,,,0.1
st02,cifar10_tick5,cifar10,tick5,,ok,checkpoint.pt,4,6000,0.51494,0.51494,0.455203125,0.455203125,0.7583,0.7583,0.516481876373291,256,16,64,5,,,random-pairing,512,,,,,0.0,,,,,,,0.1
st02,cifar10_tick50,cifar10,tick50,,ok,checkpoint.pt,101,200000,0.6795460000000001,0.723874,0.6855820312500001,0.71617265625,0.8492,0.8502,0.493757863342762,256,16,64,5,,,random-pairing,512,,,,,0.0,,,,,,,0.1
st02,cifar10_tick50_s1,cifar10,tick50,1,ok,checkpoint.pt,101,200000,0.7685980000000001,0.780474,0.8058078125,0.81540390625,0.844,0.8446,0.49935372471809386,256,16,64,5,,,random-pairing,512,,,,,0.0,,,,,,,0.1
st02,cifar10_tick50_s2,cifar10,tick50,2,ok,checkpoint.pt,2,2000,0.3038,0.3038,0.27038984375,0.27038984375,0.5982,0.5982,0.7996547669172287,256,16,64,5,,,random-pairing,512,,,,,0.0,,,,,,,0.1
st02,cifar10_tick5_s1,cifar10,tick5,1,ok,checkpoint.pt,101,200000,0.6161800000000001,0.64456,0.5544062500000001,0.5642265625,0.8422,0.8447,0.5475566044449807,256,16,64,5,,,random-pairing,512,,,,,0.0,,,,,,,0.1
st02,cifar10_tick5_s2,cifar10,tick5,2,ok,checkpoint.pt,101,200000,0.61208,0.61974,0.5553359375,0.55996875,0.8476,0.8499,0.5338586658239365,256,16,64,5,,,random-pairing,512,,,,,0.0,,,,,,,0.1
st02,mazes_tick1,mazes,tick1,,ok,checkpoint.pt,10,10000,0.8035300000000001,0.8035300000000001,0.8058476562499999,0.8096875,0.80353,0.80353,0.8371551185846329,2048,16,32,8,,,first-last,64,,,,,0.0,,,,,,,0.1
st02,mazes_tick10,mazes,tick10,,ok,checkpoint.pt,100,100000,0.9026770000000001,0.90288,0.9601546875,0.96304609375,0.90888,0.90924,0.6210292838513851,2048,16,32,8,,,first-last,64,,,,,0.0,,,,,,,0.1
st02,mazes_tick10_s1,mazes,tick10,1,ok,checkpoint.pt,100,100000,0.896501,0.8966900000000001,0.9558507812500001,0.9562535156249999,0.90251,0.90277,0.6481584534049034,2048,16,32,8,,,first-last,64,,,,,0.0,,,,,,,0.1
st02,mazes_tick10_s2,mazes,tick10,2,ok,checkpoint.pt,100,100000,0.885216,0.885931,0.95361484375,0.955296875,0.88907,0.89113,0.8233895972371101,2048,16,32,8,,,first-last,64,,,,,0.0,,,,,,,0.1
st02,mazes_tick1_s1,mazes,tick1,1,ok,checkpoint.pt,10,10000,0.80616,0.80616,0.8109999999999999,0.8109999999999999,0.80616,0.80616,0.8160556107759476,2048,16,32,8,,,first-last,64,,,,,0.0,,,,,,,0.1
st02,mazes_tick1_s2,mazes,tick1,2,ok,checkpoint.pt,100,100000,0.8716200000000001,0.87216,0.9169531250000001,0.9207265625,0.87162,0.87216,0.8614459708333015,2048,16,32,8,,,first-last,64,,,,,0.0,,,,,,,0.1
st02,mazes_tick2,mazes,tick2,,ok,checkpoint.pt,100,100000,0.89094,0.8917599999999999,0.9390996093749999,0.939765625,0.89569,0.89611,0.6068921685218811,2048,16,32,8,,,first-last,64,,,,,0.0,,,,,,,0.1
st02,mazes_tick25,mazes,tick25,,ok,checkpoint.pt,100,100000,0.8971020000000001,0.8971456000000002,0.928934375,0.931290625,0.90461,0.90613,0.40721598640084267,2048,16,32,8,,,first-last,64,,,,,0.0,,,,,,,0.1
st02,mazes_tick25_s1,mazes,tick25,1,ok,checkpoint.pt,100,100000,0.9022004000000001,0.9028599999999999,0.9640907812499999,0.9643834375,0.90876,0.91069,0.7136037200689316,2048,16,32,8,,,first-last,64,,,,,0.0,,,,,,,0.1
st02,mazes_tick25_s2,mazes,tick25,2,ok,checkpoint.pt,100,100000,0.8957216,0.8967636,0.9558495312499999,0.95760046875,0.90343,0.90458,0.6983141899108887,2048,16,32,8,,,first-last,64,,,,,0.0,,,,,,,0.1
st02,mazes_tick2_s1,mazes,tick2,1,ok,checkpoint.pt,100,100000,0.8938499999999999,0.8945250000000001,0.9404707031249999,0.9418964843750001,0.89546,0.89658,0.6073934435844421,2048,16,32,8,,,first-last,64,,,,,0.0,,,,,,,0.1
st02,mazes_tick2_s2,mazes,tick2,2,ok,checkpoint.pt,10,10000,0.802675,0.802675,0.809267578125,0.809267578125,0.80714,0.80714,0.8324916511774063,2048,16,32,8,,,first-last,64,,,,,0.0,,,,,,,0.1
st02,mazes_tick5,mazes,tick5,,ok,checkpoint.pt,100,100000,0.8984439999999999,0.898982,0.9546867187500001,0.9550695312499999,0.90254,0.90257,0.657395638525486,2048,16,32,8,,,first-last,64,,,,,0.0,,,,,,,0.1
st02,mazes_tick50,mazes,tick50,,ok,checkpoint.pt,100,100000,0.8850450000000001,0.8854784,0.9071334375000001,0.90972765625,0.89505,0.89505,0.3823819160461426,2048,16,32,8,,,first-last,64,,,,,0.0,,,,,,,0.1
st02,mazes_tick50_s1,mazes,tick50,1,ok,checkpoint.pt,100,100000,0.8552906000000001,0.8930324000000001,0.87056734375,0.9217497656250001,0.86835,0.90324,0.4710937552154064,2048,16,32,8,,,first-last,64,,,,,0.0,,,,,,,0.1
st02,mazes_tick50_s2,mazes,tick50,2,ok,checkpoint.pt,100,100000,0.8705466000000001,0.8864418000000002,0.894048828125,0.91868265625,0.88793,0.89684,0.39450717717409134,2048,16,32,8,,,first-last,64,,,,,0.0,,,,,,,0.1
st02,mazes_tick5_s1,mazes,tick5,1,ok,checkpoint.pt,100,100000,0.8887860000000001,0.889582,0.95135234375,0.95162734375,0.89389,0.89537,0.6554061844944954,2048,16,32,8,,,first-last,64,,,,,0.0,,,,,,,0.1
st02,mazes_tick5_s2,mazes,tick5,2,ok,checkpoint.pt,100,100000,0.8754639999999999,0.876288,0.9453039062499999,0.9467523437500001,0.8793,0.88056,0.9306467697024345,2048,16,32,8,,,first-last,64,,,,,0.0,,,,,,,0.1
st02,parity_tick1,parity,tick1,,ok,checkpoint_200000.pt,201,200000,0.6478009905133929,0.6495419456845238,0.6462169828869048,0.6493152436755952,0.6478009905133929,0.6495419456845238,0.49098081248147146,1024,8,16,1,,,random,64,,,,,0.0,,,,,,,0.1
st02,parity_tick10,parity,tick10,,ok,checkpoint_200000.pt,201,200000,0.5927365257626488,0.5937421526227677,0.5924380347842262,0.5936459495907738,0.7463466099330357,0.7465239025297619,0.3556551152751559,1024,8,16,1,,,random,64,,,,,0.0,,,,,,,0.1
st02,parity_tick10_s1,parity,tick10,1,ok,checkpoint_200000.pt,201,200000,0.586433337983631,0.5877999441964286,0.5853515625,0.5875874837239584,0.7366710844494048,0.7379847935267857,0.36873100768952144,1024,8,16,1,,,random,64,,,,,0.0,,,,,,,0.1
st02,parity_tick10_s2,parity,tick10,2,ok,checkpoint_200000.pt,201,200000,0.6155241466703869,0.616330101376488,0.6153436569940476,0.6160967145647323,0.6778506324404762,0.6788911365327381,0.4477751624016535,1024,8,16,1,,,random,64,,,,,0.0,,,,,,,0.1
st02,parity_tick1_s1,parity,tick1,1,ok,checkpoint_200000.pt,201,200000,0.6557529994419643,0.6574677966889881,0.6563023158482143,0.6576683407738095,0.6557529994419643,0.6574677966889881,0.4796933134396871,1024,8,16,1,,,random,64,,,,,0.0,,,,,,,0.1
st02,parity_tick1_s2,parity,tick1,2,ok,checkpoint_200000.pt,201,200000,0.64703369140625,0.6484229678199405,0.6468883696056548,0.6488327752976191,0.64703369140625,0.6484229678199405,0.4929200325693403,1024,8,16,1,,,random,64,,,,,0.0,,,,,,,0.1
st02,parity_tick2,parity,tick2,,ok,checkpoint_200000.pt,201,200000,0.6194312686011905,0.6204703194754464,0.6190418061755952,0.6204296293712798,0.6689133417038691,0.6697939918154762,0.463398970308758,1024,8,16,1,,,random,64,,,,,0.0,,,,,,,0.1
st02,parity_tick25,parity,tick25,,ok,checkpoint_200000.pt,201,200000,0.6010184151785715,0.6021952892485118,0.6003307524181548,0.6021320452008928,0.7956513904389881,0.7966860816592262,0.2860709868726276,1024,8,16,1,,,random,64,,,,,0.0,,,,,,,0.1
st02,parity_tick25_s1,parity,tick25,1,ok,checkpoint_200000.pt,201,200000,0.6423814174107143,0.6432841564360119,0.6428973679315476,0.6433786737351191,0.8982340494791666,0.8988938104538691,0.1450812490213485,1024,8,16,1,,,random,64,,,,,0.0,,,,,,,0.1
st02,parity_tick25_s2,parity,tick25,2,ok,checkpoint_200000.pt,201,200000,0.6529360816592262,0.6537687174479168,0.6527389090401786,0.653652808779762,0.9147135416666666,0.9147135416666666,0.12130834587982722,1024,8,16,1,,,random,64,,,,,0.0,,,,,,,0.1
st02,parity_tick2_s1,parity,tick2,1,ok,checkpoint_200000.pt,201,200000,0.6069147019159227,0.6092151460193452,0.6074276878720238,0.6092485700334822,0.6858840215773809,0.6876511346726191,0.43773191883450463,1024,8,16,1,,,random,64,,,,,0.0,,,,,,,0.1
st02,parity_tick2_s2,parity,tick2,2,ok,checkpoint_200000.pt,201,200000,0.6227358863467263,0.6227620442708334,0.6221981956845237,0.6232488723028273,0.6729387555803571,0.6733253115699405,0.4576209286848704,1024,8,16,1,,,random,64,,,,,0.0,,,,,,,0.1
st02,parity_tick5,parity,tick5,,ok,checkpoint_200000.pt,201,200000,0.597451636904762,0.5992536272321428,0.5969761439732143,0.5987827845982143,0.6969837007068452,0.6977800641741071,0.4242671813283648,1024,8,16,1,,,random,64,,,,,0.0,,,,,,,0.1
st02,parity_tick50,parity,tick50,,ok,checkpoint_200000.pt,201,200000,0.7803242420014881,0.78118896484375,0.7806856282552084,0.7810791015625,0.9999970935639881,1.0,5.8917004591443225e-06,1024,8,16,1,,,random,64,,,,,0.0,,,,,,,0.1
st02,parity_tick50_s1,parity,tick50,1,ok,checkpoint_200000.pt,201,200000,0.7351407296316964,0.7358647228422618,0.7354524739583335,0.7358675130208333,0.9618733723958334,0.9621930803571429,0.05020138213322276,1024,8,16,1,,,random,64,,,,,0.0,,,,,,,0.1
st02,parity_tick50_s2,parity,tick50,2,ok,checkpoint_200000.pt,201,200000,0.655014415922619,0.6553459821428572,0.654906005859375,0.655698997860863,0.8056291852678571,0.8056291852678571,0.26616891509010676,1024,8,16,1,,,random,64,,,,,0.0,,,,,,,0.1
st02,parity_tick5_s1,parity,tick5,1,ok,checkpoint_200000.pt,201,200000,0.6028378441220238,0.6042271205357143,0.6026506696428571,0.6039754231770833,0.7286376953125,0.7295474097842262,0.38062522950626554,1024,8,16,1,,,random,64,,,,,0.0,,,,,,,0.1
st02,parity_tick5_s2,parity,tick5,2,ok,checkpoint_200000.pt,201,200000,0.6014915829613094,0.6017839704241071,0.6011317661830358,0.60291748046875,0.7167881556919643,0.7171282087053571,0.39727520516940523,1024,8,16,1,,,random,64,,,,,0.0,,,,,,,0.1
st02,qamnist_repeat1,qamnist,repeat1,,ok,checkpoint_200000.pt,201,200000,0.22702752976190474,0.4282366071428571,0.9973958333333334,1.0,0.9786086309523809,0.9955357142857143,0.19252623422514825,1024,4,16,1,,,random,64,,,,,0.0,,,,,,,0.1
st02,qamnist_repeat10,qamnist,repeat10,,ok,checkpoint_200000.pt,201,200000,0.2341331845238095,0.36624391233766235,0.9204799107142858,0.9319754464285713,0.9799107142857143,0.9953497023809523,0.13475361670411767,1024,4,16,1,,,random,64,,,,,0.0,,,,,,,0.1
st02,qamnist_repeat10_s2,qamnist,repeat10,2,ok,checkpoint_200000.pt,201,200000,0.22798681972789114,0.28402423469387755,0.4662760416666666,0.946484375,0.9836309523809523,0.9947916666666666,0.09352885430590027,1024,4,16,1,,,random,64,,,,,0.0,,,,,,,0.1
st02,qamnist_repeat1_s1,qamnist,repeat1,1,ok,checkpoint_200000.pt,201,200000,0.25304594494047616,0.46418425324675333,0.9313616071428571,1.0,0.9782366071428571,0.99609375,0.16634983108157203,1024,4,16,1,,,random,64,,,,,0.0,,,,,,,0.1
st02,qamnist_repeat1_s2,qamnist,repeat1,2,ok,checkpoint_200000.pt,201,200000,0.41485969387755095,0.5794005102040816,0.37983630952380953,1.0,0.9836309523809523,0.9951636904761905,0.11068380216047877,1024,4,16,1,,,random,64,,,,,0.0,,,,,,,0.1
st02,qamnist_repeat20,qamnist,repeat20,,ok,checkpoint_200000.pt,201,200000,0.22428966703869047,0.3744401041666666,0.8745907738095238,0.9175688244047618,0.9813988095238095,0.9959077380952381,0.11574825830757618,1024,4,16,1,,,random,64,,,,,0.0,,,,,,,0.1
st02,qamnist_repeat20_s2,qamnist,repeat20,2,ok,checkpoint_170000.pt,171,170000,0.23897156084656082,0.4276559842687074,0.9205450148809524,0.9589936755952382,0.9916294642857143,0.9940476190476191,0.04296122892035436,1024,4,16,1,,,random,64,,,,,0.0,,,,,,,0.1
st02,qamnist_repeat5,qamnist,repeat5,,ok,checkpoint_200000.pt,201,200000,0.24539620535714285,0.35168763528138525,0.90859375,0.9675595238095237,0.9806547619047619,0.9959077380952381,0.1483466171082996,1024,4,16,1,,,random,64,,,,,0.0,,,,,,,0.1
st02,qamnist_repeat5_s1,qamnist,repeat5,1,ok,checkpoint_200000.pt,201,200000,0.18528180803571428,0.23678571428571427,0.9158854166666666,0.9270089285714287,0.9823288690476191,0.99609375,0.0940404458947125,1024,4,16,1,,,random,64,,,,,0.0,,,,,,,0.1
st02,qamnist_repeat5_s2,qamnist,repeat5,2,ok,checkpoint_200000.pt,201,200000,0.19879889455782315,0.30042613636363635,0.2953125,0.8777157738095239,0.9815848214285714,0.9949776785714286,0.08354741219608557,1024,4,16,1,,,random,64,,,,,0.0,,,,,,,0.1
st02,sort_tick1,sort,tick1,,ok,checkpoint.pt,101,100000,0.0006944444444444445,0.002777777777777778,0.001736111111111111,0.003472222222222222,,,inf,512,4,4,4,,,random-pairing,32,,,,,0.0,,,,,,,0.1
st02,sort_tick10,sort,tick10,,ok,checkpoint.pt,101,100000,0.001388888888888889,0.003125,0.0006944444444444445,0.003125,,,nan,512,4,4,4,,,random-pairing,32,,,,,0.0,,,,,,,0.1
st02,sort_tick10_s1,sort,tick10,1,ok,checkpoint.pt,101,100000,0.0010416666666666667,0.002777777777777778,0.001736111111111111,0.002777777777777778,,,nan,512,4,4,4,,,random-pairing,32,,,,,0.0,,,,,,,0.1
st02,sort_tick10_s2,sort,tick10,2,ok,checkpoint.pt,101,100000,0.0020833333333333333,0.003125,0.0006944444444444445,0.002777777777777778,,,nan,512,4,4,4,,,random-pairing,32,,,,,0.0,,,,,,,0.1
st02,sort_tick1_s1,sort,tick1,1,ok,checkpoint.pt,101,100000,0.001736111111111111,0.002777777777777778,0.00034722222222222224,0.002777777777777778,,,inf,512,4,4,4,,,random-pairing,32,,,,,0.0,,,,,,,0.1
st02,sort_tick1_s2,sort,tick1,2,ok,checkpoint.pt,101,100000,0.0006944444444444445,0.003125,0.0010416666666666667,0.004166666666666667,,,inf,512,4,4,4,,,random-pairing,32,,,,,0.0,,,,,,,0.1
st02,sort_tick2,sort,tick2,,ok,checkpoint.pt,101,100000,0.0006944444444444445,0.002777777777777778,0.001736111111111111,0.003472222222222222,,,nan,512,4,4,4,,,random-pairing,32,,,,,0.0,,,,,,,0.1
st02,sort_tick25,sort,tick25,,ok,checkpoint.pt,101,100000,0.0,0.0024305555555555556,0.001736111111111111,0.003125,,,nan,512,4,4,4,,,random-pairing,32,,,,,0.0,,,,,,,0.1
st02,sort_tick25_s1,sort,tick25,1,ok,checkpoint.pt,101,100000,0.0010416666666666667,0.003125,0.0006944444444444445,0.0038194444444444443,,,nan,512,4,4,4,,,random-pairing,32,,,,,0.0,,,,,,,0.1
st02,sort_tick25_s2,sort,tick25,2,ok,checkpoint.pt,101,100000,0.001736111111111111,0.003125,0.0024305555555555556,0.0024305555555555556,,,nan,512,4,4,4,,,random-pairing,32,,,,,0.0,,,,,,,0.1
st02,sort_tick2_s1,sort,tick2,1,ok,checkpoint.pt,101,100000,0.001736111111111111,0.002777777777777778,0.00034722222222222224,0.002777777777777778,,,nan,512,4,4,4,,,random-pairing,32,,,,,0.0,,,,,,,0.1
st02,sort_tick2_s2,sort,tick2,2,ok,checkpoint.pt,101,100000,0.0006944444444444445,0.003125,0.0010416666666666667,0.004166666666666667,,,nan,512,4,4,4,,,random-pairing,32,,,,,0.0,,,,,,,0.1
st02,sort_tick5,sort,tick5,,ok,checkpoint.pt,101,100000,0.0006944444444444445,0.002777777777777778,0.001736111111111111,0.003472222222222222,,,nan,512,4,4,4,,,random-pairing,32,,,,,0.0,,,,,,,0.1
st02,sort_tick50,sort,tick50,,ok,checkpoint.pt,101,100000,0.8125,0.8753472222222223,0.8597222222222223,0.8986111111111111,,,0.0482308113326629,512,4,4,4,,,random-pairing,32,,,,,0.0,,,,,,,0.1
st02,sort_tick50_s1,sort,tick50,1,ok,checkpoint.pt,101,100000,0.9166666666666666,0.9545138888888889,0.9072916666666667,0.9371527777777777,,,0.03447251208126545,512,4,4,4,,,random-pairing,32,,,,,0.0,,,,,,,0.1
st02,sort_tick50_s2,sort,tick50,2,ok,checkpoint.pt,101,100000,0.8888888888888888,0.9461805555555556,0.8760416666666667,0.9072916666666667,,,0.04546785354614258,512,4,4,4,,,random-pairing,32,,,,,0.0,,,,,,,0.1
st02,sort_tick5_s1,sort,tick5,1,ok,checkpoint.pt,101,100000,0.001736111111111111,0.002777777777777778,0.00034722222222222224,0.002777777777777778,,,nan,512,4,4,4,,,random-pairing,32,,,,,0.0,,,,,,,0.1
st02,sort_tick5_s2,sort,tick5,2,ok,checkpoint.pt,101,100000,0.0006944444444444445,0.003125,0.0010416666666666667,0.004166666666666667,,,nan,512,4,4,4,,,random-pairing,32,,,,,0.0,,,,,,,0.1
st03,cifar10_sd1_mh2,cifar10,sd1_mh2,,ok,checkpoint.pt,6,10000,0.6373500000000001,0.6373500000000001,0.6288671875,0.6288671875,0.7998,0.7998,0.5323196366429329,256,16,2,1,,,random-pairing,512,,,,,0.0,,,,,,,0.1
st03,cifar10_sd1_mh2_s1,cifar10,sd1_mh2,1,ok,checkpoint.pt,101,200000,0.6524000000000001,0.7351,0.69265625,0.7691796875000001,0.8406,0.8413,0.6398052394390106,256,16,2,1,,,random-pairing,512,,,,,0.0,,,,,,,0.1
st03,cifar10_sd1_mh2_s2,cifar10,sd1_mh2,2,ok,checkpoint.pt,101,200000,0.6728000000000001,0.7518,0.7115039062499999,0.7726171875,0.8347,0.8371,0.6167561456561088,256,16,2,1,,,random-pairing,512,,,,,0.0,,,,,,,0.1
st03,cifar10_sd2_mh2,cifar10,sd2_mh2,,ok,checkpoint.pt,101,200000,0.6770499999999999,0.71735,0.70134765625,0.72748046875,0.8366,0.8392,0.6420857787132264,256,16,2,2,,,random-pairing,512,,,,,0.0,,,,,,,0.1
st03,cifar10_sd2_mh2_s1,cifar10,sd2_mh2,1,ok,checkpoint.pt,6,10000,0.66025,0.66025,0.63111328125,0.63111328125,0.7917,0.7917,0.5436536207795143,256,16,2,2,,,random-pairing,512,,,,,0.0,,,,,,,0.1
st03,cifar10_sd2_mh2_s2,cifar10,sd2_mh2,2,ok,checkpoint.pt,6,10000,0.6037,0.6037,0.5890625,0.5890625,0.808,0.808,0.5251941606402397,256,16,2,2,,,random-pairing,512,,,,,0.0,,,,,,,0.1
st03,cifar10_sd2_mh2_tick2,cifar10,sd2_mh2_tick2,,ok,checkpoint.pt,101,200000,0.6727000000000001,0.7359,0.701953125,0.739453125,0.8366,0.8383,0.6189629346132278,256,16,2,2,,,random-pairing,512,,,,,0.0,,,,,softmax_ce,,0.1
st03,cifar10_sd2_mh2_tick2_s1,cifar10,sd2_mh2_tick2,1,ok,checkpoint.pt,101,200000,0.7201500000000001,0.7291000000000001,0.7593359375,0.7659765624999999,0.8324,0.8352,0.6864582479000092,256,16,2,2,,,random-pairing,512,,,,,0.0,,,,,softmax_ce,,0.1
st03,cifar10_sd2_mh2_tick2_s2,cifar10,sd2_mh2_tick2,2,ok,checkpoint.pt,101,200000,0.6434,0.6776500000000001,0.6818359375,0.69775390625,0.848,0.8495,0.5929702684283257,256,16,2,2,,,random-pairing,512,,,,,0.0,,,,,softmax_ce,,0.1
st03,mazes_sd1_mh2,mazes,sd1_mh2,,ok,checkpoint.pt,100,100000,0.89691,0.8973724999999999,0.9419560546875,0.9432509765624999,0.90141,0.90268,0.5109775178134441,2048,16,2,1,,,first-last,64,,,,,0.0,,,,,,,0.1
st03,mazes_sd1_mh2_s1,mazes,sd1_mh2,1,ok,checkpoint.pt,100,100000,0.89039,0.8906525000000001,0.9336533203125,0.9389804687500001,0.8939,0.89457,0.6400573030114174,2048,16,2,1,,,first-last,64,,,,,0.0,,,,,,,0.1
st03,mazes_sd1_mh2_s2,mazes,sd1_mh2,2,ok,checkpoint.pt,100,100000,0.880205,0.8802850000000001,0.9320371093750001,0.93817578125,0.88294,0.88316,0.8118353709578514,2048,16,2,1,,,first-last,64,,,,,0.0,,,,,,,0.1
st03,mazes_sd2_mh2,mazes,sd2_mh2,,ok,checkpoint.pt,100,100000,0.890445,0.8915175000000001,0.9401357421875,0.943033203125,0.89435,0.89589,0.6525596864521503,2048,16,2,2,,,first-last,64,,,,,0.0,,,,,,,0.1
st03,mazes_sd2_mh2_s1,mazes,sd2_mh2,1,ok,checkpoint.pt,100,100000,0.8944124999999999,0.89486,0.9428125,0.9444423828124999,0.89895,0.89935,0.611545842140913,2048,16,2,2,,,first-last,64,,,,,0.0,,,,,,,0.1
st03,mazes_sd2_mh2_s2,mazes,sd2_mh2,2,ok,checkpoint.pt,100,100000,0.8839400000000001,0.8855575000000002,0.9415908203125001,0.9415908203125001,0.89005,0.89112,0.7321181893348694,2048,16,2,2,,,first-last,64,,,,,0.0,,,,,,,0.1
st03,parity_sd1_mh2,parity,sd1_mh2,,ok,checkpoint_200000.pt,201,200000,0.6098254975818452,0.6112598237537202,0.6109691801525298,0.6114589146205358,0.6572585332961309,0.6583135695684523,0.47763656292642864,1024,8,2,1,,,random,64,,,,,0.0,,,,,,,0.1
st03,parity_sd1_mh2_s1,parity,sd1_mh2,1,ok,checkpoint_200000.pt,201,200000,0.6019839332217263,0.6035737537202381,0.6019824800037202,0.6031174432663691,0.6514950706845238,0.65435791015625,0.4858441069012597,1024,8,2,1,,,random,64,,,,,0.0,,,,,,,0.1
st03,parity_sd1_mh2_s2,parity,sd1_mh2,2,ok,checkpoint_200000.pt,201,200000,0.6094534737723214,0.6103108723958333,0.6094607398623513,0.6102629162016369,0.6676839192708334,0.66925048828125,0.4644501535665421,1024,8,2,1,,,random,64,,,,,0.0,,,,,,,0.1
st03,parity_sd2_mh2,parity,sd2_mh2,,ok,checkpoint_200000.pt,201,200000,0.6116652715773809,0.6124776204427084,0.6124122256324405,0.6128990536644345,0.6791904994419643,0.6806349981398809,0.44641694284620737,1024,8,2,2,,,random,64,,,,,0.0,,,,,,,0.1
st03,parity_sd2_mh2_s1,parity,sd2_mh2,1,ok,checkpoint_200000.pt,201,200000,0.6032438732328869,0.604522705078125,0.6033891950334822,0.6045038132440477,0.6586565290178571,0.6602899460565477,0.47654119843528386,1024,8,2,2,,,random,64,,,,,0.0,,,,,,,0.1
st03,parity_sd2_mh2_s2,parity,sd2_mh2,2,ok,checkpoint_200000.pt,201,200000,0.6032031831287202,0.6040591285342263,0.6025797526041667,0.6040416899181548,0.6760806129092262,0.6769321986607143,0.45377122930118013,1024,8,2,2,,,random,64,,,,,0.0,,,,,,,0.1
st03,sort_sd1_mh2,sort,sd1_mh2,,ok,checkpoint.pt,101,100000,0.001736111111111111,0.003125,0.0010416666666666667,0.0020833333333333333,,,nan,512,4,2,1,,,random-pairing,32,,,,,0.0,,,,,,,0.1
st03,sort_sd1_mh2_s1,sort,sd1_mh2,1,ok,checkpoint.pt,101,100000,0.0010416666666666667,0.002777777777777778,0.0010416666666666667,0.003125,,,nan,512,4,2,1,,,random-pairing,32,,,,,0.0,,,,,,,0.1
st03,sort_sd1_mh2_s2,sort,sd1_mh2,2,ok,checkpoint.pt,101,100000,0.0020833333333333333,0.003125,0.0006944444444444445,0.002777777777777778,,,nan,512,4,2,1,,,random-pairing,32,,,,,0.0,,,,,,,0.1
st03,sort_sd2_mh2,sort,sd2_mh2,,ok,checkpoint.pt,101,100000,0.0020833333333333333,0.0024305555555555556,0.00034722222222222224,0.003125,,,nan,512,4,2,2,,,random-pairing,32,,,,,0.0,,,,,,,0.1
st03,sort_sd2_mh2_s1,sort,sd2_mh2,1,ok,checkpoint.pt,101,100000,0.0006944444444444445,0.0020833333333333333,0.001388888888888889,0.003125,,,nan,512,4,2,2,,,random-pairing,32,,,,,0.0,,,,,,,0.1
st03,sort_sd2_mh2_s2,sort,sd2_mh2,2,ok,checkpoint.pt,101,100000,0.00034722222222222224,0.003125,0.0010416666666666667,0.002777777777777778,,,nan,512,4,2,2,,,random-pairing,32,,,,,0.0,,,,,,,0.1
st03,sort_sd2_mh2_tick2,sort,sd2_mh2_tick2,,ok,checkpoint.pt,101,100000,0.0020833333333333333,0.0024305555555555556,0.00034722222222222224,0.003125,,,nan,512,4,2,2,,,random-pairing,32,,,,,0.0,,,,,softmax_ce,,0.1
st03,sort_sd2_mh2_tick2_s1,sort,sd2_mh2_tick2,1,ok,checkpoint.pt,101,100000,0.0006944444444444445,0.0020833333333333333,0.001388888888888889,0.003125,,,nan,512,4,2,2,,,random-pairing,32,,,,,0.0,,,,,softmax_ce,,0.1
st04,cifar10_jepa_mse,cifar10,jepa_mse,,ok,checkpoint.pt,101,200000,0.09999999999999998,0.13242,0.09856328125000001,0.12528203125000004,0.1,0.2065,60.52235717773438,256,16,64,5,,,random-pairing,512,,,,,1.0,,,,,,,0.1
st04,cifar10_jepa_mse_s1,cifar10,jepa_mse,1,ok,checkpoint.pt,101,200000,0.13038,0.18926400000000002,0.12461640624999999,0.1694828125,0.1869,0.4319,3.7702261805534363,256,16,64,5,,,random-pairing,512,,,,,1.0,,,,,,,0.1
st04,cifar10_jepa_mse_s2,cifar10,jepa_mse,2,ok,checkpoint.pt,101,200000,0.09999999999999998,0.39956200000000003,0.09976562499999998,0.34092734375,0.1,0.5913,66.4289421081543,256,16,64,5,,,random-pairing,512,,,,,1.0,,,,,,,0.1
st04,cifar10_jepa_nostopgrad,cifar10,jepa_nostopgrad,,ok,checkpoint.pt,101,200000,0.718672,0.754766,0.69873203125,0.7401625,0.8313,0.8316,0.40230361074209214,256,16,64,5,,,random-pairing,512,,,,,1.0,,,,,,,0.1
st04,cifar10_jepa_nostopgrad_s1,cifar10,jepa_nostopgrad,1,ok,checkpoint.pt,101,200000,0.694148,0.7008359999999999,0.6816320312499999,0.6869484375,0.8387,0.8413,0.47706002593040464,256,16,64,5,,,random-pairing,512,,,,,1.0,,,,,,,0.1
st04,cifar10_jepa_nostopgrad_s2,cifar10,jepa_nostopgrad,2,ok,checkpoint.pt,101,200000,0.71434,0.7252500000000001,0.7310257812500001,0.7385523437500001,0.8402,0.8415,0.4888986974954605,256,16,64,5,,,random-pairing,512,,,,,1.0,,,,,,,0.1
st04,cifar10_jepa_pd1,cifar10,jepa_pd1,,ok,checkpoint.pt,101,200000,0.575702,0.7070360000000001,0.516659375,0.6628554687500001,0.8318,0.832,0.4817573666572571,256,16,64,5,,,random-pairing,512,,,,,1.0,,,,,,,0.1
st04,cifar10_jepa_pd1_s1,cifar10,jepa_pd1,1,ok,checkpoint.pt,2,2000,0.389894,0.389894,0.34458671875,0.34458671875,0.6477,0.6477,0.7140161573886872,256,16,64,5,,,random-pairing,512,,,,,1.0,,,,,,,0.1
st04,cifar10_jepa_pd1_s2,cifar10,jepa_pd1,2,ok,checkpoint.pt,101,200000,0.295604,0.6204900000000001,0.2969265625,0.60480703125,0.8409,0.8428,0.5002906396985054,256,16,64,5,,,random-pairing,512,,,,,1.0,,,,,,,0.1
st04,cifar10_jepa_pd4,cifar10,jepa_pd4,,ok,checkpoint.pt,101,200000,0.6065499999999999,0.68121,0.5478390625,0.6389078125000001,0.8392,0.843,0.4019810616970062,256,16,64,5,,,random-pairing,512,,,,,1.0,,,,,,,0.1
st04,cifar10_jepa_w0.1,cifar10,jepa_w0.1,,ok,checkpoint.pt,101,200000,0.686802,0.708792,0.6501789062500001,0.6779585937500001,0.8458,0.8458,0.45937970876693723,256,16,64,5,,,random-pairing,512,,,,,0.1,,,,,,,0.1
st04,cifar10_jepa_w0.1_s1,cifar10,jepa_w0.1,1,ok,checkpoint.pt,101,200000,0.765026,0.767268,0.79576953125,0.7981125,0.8462,0.8489,0.5240577295422554,256,16,64,5,,,random-pairing,512,,,,,0.1,,,,,,,0.1
st04,cifar10_jepa_w0.1_s2,cifar10,jepa_w0.1,2,ok,checkpoint.pt,101,200000,0.7553600000000001,0.7567299999999999,0.7229140625000001,0.7255109375000001,0.8433,0.8451,0.4192244842648506,256,16,64,5,,,random-pairing,512,,,,,0.1,,,,,,,0.1
st04,cifar10_jepa_w0.5,cifar10,jepa_w0.5,,ok,checkpoint.pt,2,2000,0.329058,0.329058,0.2895734375,0.2895734375,0.6343,0.6343,0.7203653514385223,256,16,64,5,,,random-pairing,512,,,,,0.5,,,,,,,0.1
st04,cifar10_jepa_w0.5_s1,cifar10,jepa_w0.5,1,ok,checkpoint.pt,101,200000,0.630582,0.70411,0.5747960937500001,0.6701273437499999,0.8345,0.8348,0.3629188284277916,256,16,64,5,,,random-pairing,512,,,,,0.5,,,,,,,0.1
st04,cifar10_jepa_w0.5_s2,cifar10,jepa_w0.5,2,ok,checkpoint.pt,101,200000,0.6849080000000001,0.7380139999999998,0.656075,0.7210718750000001,0.8468,0.8493,0.4930113539099693,256,16,64,5,,,random-pairing,512,,,,,0.5,,,,,,,0.1
st04,cifar10_jepa_w1.0,cifar10,jepa_w1.0,,ok,checkpoint.pt,2,2000,0.352138,0.352138,0.30902578124999996,0.30902578124999996,0.6322,0.6322,0.7293926388025284,256,16,64,5,,,random-pairing,512,,,,,1.0,,,,,,,0.1
st04,cifar10_jepa_w1.0_s1,cifar10,jepa_w1.0,1,ok,checkpoint.pt,101,200000,0.33015600000000006,0.6988500000000001,0.3260828125,0.6823398437499999,0.8423,0.8423,0.5182869344949722,256,16,64,5,,,random-pairing,512,,,,,1.0,,,,,,,0.1
st04,cifar10_jepa_w1.0_s2,cifar10,jepa_w1.0,2,ok,checkpoint.pt,101,200000,0.558422,0.6834200000000001,0.5153671875000001,0.62938203125,0.8385,0.8392,0.44331116825342176,256,16,64,5,,,random-pairing,512,,,,,1.0,,,,,,,0.1
st04,mazes_jepa_mse,mazes,jepa_mse,,ok,checkpoint.pt,100,100000,0.8049637333333333,0.8053522666666666,0.8156733333333333,0.8156733333333333,0.81823,0.81886,0.7268810644745827,2048,16,32,8,,,first-last,64,,,,,1.0,,,,,,,0.1
st04,mazes_jepa_mse_s1,mazes,jepa_mse,1,ok,checkpoint.pt,100,100000,0.7436589333333332,0.7720069333333333,0.7452568749999999,0.7760578125,0.74442,0.78842,1.3043900728225708,2048,16,32,8,,,first-last,64,,,,,1.0,,,,,,,0.1
st04,mazes_jepa_mse_s2,mazes,jepa_mse,2,ok,checkpoint.pt,100,100000,0.7456413333333333,0.7734129333333333,0.74895125,0.7732889583333333,0.74698,0.78932,1.909146472811699,2048,16,32,8,,,first-last,64,,,,,1.0,,,,,,,0.1
st04,mazes_jepa_pd1,mazes,jepa_pd1,,ok,checkpoint.pt,100,100000,0.830924,0.8740321333333333,0.8481590104166666,0.910009375,0.83825,0.87912,0.5997250229120255,2048,16,32,8,,,first-last,64,,,,,1.0,,,,,,,0.1
st04,mazes_jepa_pd1_s1,mazes,jepa_pd1,1,ok,checkpoint.pt,100,100000,0.8647369333333333,0.8647369333333333,0.8824165104166667,0.8852728645833334,0.8698,0.87041,0.4530176445841789,2048,16,32,8,,,first-last,64,,,,,1.0,,,,,,,0.1
st04,mazes_jepa_pd1_s2,mazes,jepa_pd1,2,ok,checkpoint.pt,100,100000,0.8518477333333333,0.8578168,0.8673083333333333,0.8747058333333334,0.86806,0.86806,0.4638313017785549,2048,16,32,8,,,first-last,64,,,,,1.0,,,,,,,0.1
st04,mazes_jepa_pd4,mazes,jepa_pd4,,ok,checkpoint.pt,100,100000,0.8820634666666666,0.9014470666666666,0.9067369270833333,0.9388811458333334,0.88774,0.90882,0.4098418951034546,2048,16,32,8,,,first-last,64,,,,,1.0,,,,,,,0.1
st04,mazes_jepa_pd4_s1,mazes,jepa_pd4,1,ok,checkpoint.pt,100,100000,0.9022698666666666,0.9026067999999999,0.9466697395833333,0.94814390625,0.90733,0.90819,0.46844395622611046,2048,16,32,8,,,first-last,64,,,,,1.0,,,,,,,0.1
st04,mazes_jepa_pd4_s2,mazes,jepa_pd4,2,ok,checkpoint.pt,100,100000,0.9033334666666667,0.9039022666666666,0.9348765625,0.9351919791666667,0.91106,0.91173,0.3398890011012554,2048,16,32,8,,,first-last,64,,,,,1.0,,,,,,,0.1
st04,mazes_jepa_w0.1,mazes,jepa_w0.1,,ok,checkpoint.pt,100,100000,0.8988341333333333,0.8991923999999999,0.9305522916666666,0.9305522916666666,0.90824,0.90897,0.3854520618915558,2048,16,32,8,,,first-last,64,,,,,0.1,,,,,,,0.1
st04,mazes_jepa_w0.1_s1,mazes,jepa_w0.1,1,ok,checkpoint.pt,100,100000,0.8967054666666666,0.8968154666666667,0.92695578125,0.9296885416666667,0.90613,0.90712,0.35203742608428,2048,16,32,8,,,first-last,64,,,,,0.1,,,,,,,0.1
st04,mazes_jepa_w0.1_s2,mazes,jepa_w0.1,2,ok,checkpoint.pt,100,100000,0.7780503999999999,0.8734494666666666,0.7818581250000001,0.8941968229166666,0.79966,0.88227,0.8671951591968536,2048,16,32,8,,,first-last,64,,,,,0.1,,,,,,,0.1
st04,mazes_jepa_w0.5_s1,mazes,jepa_w0.5,1,ok,checkpoint.pt,100,100000,0.9059079999999999,0.9060048,0.9440959375,0.9470976041666667,0.90982,0.91068,0.4892381466925144,2048,16,32,8,,,first-last,64,,,,,0.5,,,,,,,0.1
st04,mazes_jepa_w0.5_s2,mazes,jepa_w0.5,2,ok,checkpoint.pt,100,100000,0.8904907999999999,0.8905130666666666,0.9180994791666667,0.9185445833333333,0.89778,0.89805,0.38183023780584335,2048,16,32,8,,,first-last,64,,,,,0.5,,,,,,,0.1
st04,mazes_jepa_w1.0,mazes,jepa_w1.0,,ok,checkpoint.pt,100,100000,0.9034545333333333,0.9040673333333332,0.9389590104166667,0.9395765625,0.9118,0.91293,0.39656949043273926,2048,16,32,8,,,first-last,64,,,,,1.0,,,,,,,0.1
st04,mazes_jepa_w1.0_s1,mazes,jepa_w1.0,1,ok,checkpoint.pt,100,100000,0.9016965333333332,0.9021678666666667,0.94558359375,0.9482868229166668,0.90678,0.90744,0.5165591612458229,2048,16,32,8,,,first-last,64,,,,,1.0,,,,,,,0.1
st04,mazes_jepa_w1.0_s2,mazes,jepa_w1.0,2,ok,checkpoint.pt,100,100000,0.8526076,0.8851156,0.8718129166666667,0.9157922395833333,0.86407,0.89156,0.4606349393725395,2048,16,32,8,,,first-last,64,,,,,1.0,,,,,,,0.1
st04,parity_jepa_mse,parity,jepa_mse,,ok,checkpoint_0.pt,1,0,0.49963731553819446,0.49963731553819446,0.5011843920510912,0.5011843920510912,0.49993896484375,0.49993896484375,0.6931727131207784,1024,8,16,1,,,random,64,,,,,1.0,,,,,,,0.1
st04,parity_jepa_mse_s1,parity,jepa_mse,1,ok,checkpoint_0.pt,1,0,0.4983711945064485,0.4983711945064485,0.4996615358382936,0.4996615358382936,0.4985264369419643,0.4985264369419643,0.6931281288464864,1024,8,16,1,,,random,64,,,,,1.0,,,,,,,0.1
st04,parity_jepa_mse_s2,parity,jepa_mse,2,ok,checkpoint_0.pt,1,0,0.4993469432043652,0.4993469432043652,0.5031399197048612,0.5031399197048612,0.4998779296875,0.4998779296875,0.6931814750035604,1024,8,16,1,,,random,64,,,,,1.0,,,,,,,0.1
st04,parity_jepa_nostopgrad,parity,jepa_nostopgrad,,ok,checkpoint_0.pt,1,0,0.49963731553819446,0.49963731553819446,0.5011843920510912,0.5011843920510912,0.49993896484375,0.49993896484375,0.6931727131207784,1024,8,16,1,,,random,64,,,,,1.0,,,,,,,0.1
st04,parity_jepa_nostopgrad_s1,parity,jepa_nostopgrad,1,ok,checkpoint_0.pt,1,0,0.4983711945064485,0.4983711945064485,0.4996615358382936,0.4996615358382936,0.4985264369419643,0.4985264369419643,0.6931281288464864,1024,8,16,1,,,random,64,,,,,1.0,,,,,,,0.1
st04,parity_jepa_nostopgrad_s2,parity,jepa_nostopgrad,2,ok,checkpoint_0.pt,1,0,0.4993469432043652,0.4993469432043652,0.5031399197048612,0.5031399197048612,0.4998779296875,0.4998779296875,0.6931814750035604,1024,8,16,1,,,random,64,,,,,1.0,,,,,,,0.1
st04,parity_jepa_pd1,parity,jepa_pd1,,ok,checkpoint_0.pt,1,0,0.49989594959077377,0.49989594959077377,0.5019461883060515,0.5019461883060515,0.49977329799107145,0.49977329799107145,0.6931450537272862,1024,8,16,1,,,random,64,,,,,1.0,,,,,,,0.1
st04,parity_jepa_pd1_s1,parity,jepa_pd1,1,ok,checkpoint_160000.pt,161,160000,0.6357064189608136,0.6362521701388889,0.6368393864707341,0.6368393864707341,0.6402006603422619,0.6415724981398809,0.48871495184444247,1024,8,16,1,,,random,64,,,,,1.0,,,,,,,0.1
st04,parity_jepa_pd1_s2,parity,jepa_pd1,2,ok,checkpoint_0.pt,1,0,0.5008103918650794,0.5008103918650794,0.501449459015377,0.501449459015377,0.5012410481770834,0.5012410481770834,0.6931218448139372,1024,8,16,1,,,random,64,,,,,1.0,,,,,,,0.1
st04,parity_jepa_pd4,parity,jepa_pd4,,ok,checkpoint_0.pt,1,0,0.4991259765625,0.4991259765625,0.5017417689732142,0.5017417689732142,0.4993489583333333,0.4993489583333333,0.6931964755058289,1024,8,16,1,,,random,64,,,,,1.0,,,,,,,0.1
st04,parity_jepa_pd4_s1,parity,jepa_pd4,1,ok,checkpoint_0.pt,1,0,0.4981959170386905,0.4981959170386905,0.499983878968254,0.499983878968254,0.4984654017857143,0.4984654017857143,0.6931267522630238,1024,8,16,1,,,random,64,,,,,1.0,,,,,,,0.1
st04,parity_jepa_pd4_s2,parity,jepa_pd4,2,ok,checkpoint_0.pt,1,0,0.4996572730654762,0.4996572730654762,0.5031926618303573,0.5031926618303573,0.5002644856770834,0.5002644856770834,0.69316375823248,1024,8,16,1,,,random,64,,,,,1.0,,,,,,,0.1
st04,parity_jepa_w0.1,parity,jepa_w0.1,,ok,checkpoint_0.pt,1,0,0.49963731553819446,0.49963731553819446,0.5011843920510912,0.5011843920510912,0.49993896484375,0.49993896484375,0.6931727131207784,1024,8,16,1,,,random,64,,,,,0.1,,,,,,,0.1
st04,parity_jepa_w0.1_s1,parity,jepa_w0.1,1,ok,checkpoint_0.pt,1,0,0.4983711945064485,0.4983711945064485,0.4996615358382936,0.4996615358382936,0.4985264369419643,0.4985264369419643,0.6931281288464864,1024,8,16,1,,,random,64,,,,,0.1,,,,,,,0.1
st04,parity_jepa_w0.1_s2,parity,jepa_w0.1,2,ok,checkpoint_0.pt,1,0,0.4993469432043652,0.4993469432043652,0.5031399197048612,0.5031399197048612,0.4998779296875,0.4998779296875,0.6931814750035604,1024,8,16,1,,,random,64,,,,,0.1,,,,,,,0.1
st04,parity_jepa_w0.5,parity,jepa_w0.5,,ok,checkpoint_0.pt,1,0,0.49963731553819446,0.49963731553819446,0.5011843920510912,0.5011843920510912,0.49993896484375,0.49993896484375,0.6931727131207784,1024,8,16,1,,,random,64,,,,,0.5,,,,,,,0.1
st04,parity_jepa_w0.5_s1,parity,jepa_w0.5,1,ok,checkpoint_0.pt,1,0,0.4983711945064485,0.4983711945064485,0.4996615358382936,0.4996615358382936,0.4985264369419643,0.4985264369419643,0.6931281288464864,1024,8,16,1,,,random,64,,,,,0.5,,,,,,,0.1
st04,parity_jepa_w0.5_s2,parity,jepa_w0.5,2,ok,checkpoint_0.pt,1,0,0.4993469432043652,0.4993469432043652,0.5031399197048612,0.5031399197048612,0.4998779296875,0.4998779296875,0.6931814750035604,1024,8,16,1,,,random,64,,,,,0.5,,,,,,,0.1
st04,parity_jepa_w1.0,parity,jepa_w1.0,,ok,checkpoint_0.pt,1,0,0.49963731553819446,0.49963731553819446,0.5011843920510912,0.5011843920510912,0.49993896484375,0.49993896484375,0.6931727131207784,1024,8,16,1,,,random,64,,,,,1.0,,,,,,,0.1
st04,parity_jepa_w1.0_s1,parity,jepa_w1.0,1,ok,checkpoint_0.pt,1,0,0.4983711945064485,0.4983711945064485,0.4996615358382936,0.4996615358382936,0.4985264369419643,0.4985264369419643,0.6931281288464864,1024,8,16,1,,,random,64,,,,,1.0,,,,,,,0.1
st04,parity_jepa_w1.0_s2,parity,jepa_w1.0,2,ok,checkpoint_0.pt,1,0,0.4993469432043652,0.4993469432043652,0.5031399197048612,0.5031399197048612,0.4998779296875,0.4998779296875,0.6931814750035604,1024,8,16,1,,,random,64,,,,,1.0,,,,,,,0.1
st04,qamnist_jepa_mse_s1,qamnist,jepa_mse,1,ok,checkpoint_200000.pt,201,200000,0.10728004092261904,0.5371130952380953,0.10825892857142856,0.6566034226190476,0.1761532738095238,0.7306547619047619,1.8649301528930664,1024,4,16,1,,,random,64,,,,,1.0,,,,,,,0.1
st04,qamnist_jepa_mse_s2,qamnist,jepa_mse,2,ok,checkpoint_200000.pt,201,200000,0.0993250425170068,0.6165066964285715,0.10502232142857142,0.6868861607142858,0.09988839285714286,0.7338169642857143,283.6433301653181,1024,4,16,1,,,random,64,,,,,1.0,,,,,,,0.1
st04,qamnist_jepa_nostopgrad_s1,qamnist,jepa_nostopgrad,1,ok,checkpoint_160000.pt,161,160000,0.2590215773809524,0.680703125,0.7430989583333334,0.9097470238095239,0.9858630952380952,0.9949776785714286,0.057790640209402354,1024,4,16,1,,,random,64,,,,,1.0,,,,,,,0.1
st04,qamnist_jepa_pd1_s2,qamnist,jepa_pd1,2,ok,checkpoint_200000.pt,201,200000,0.3337319302721089,0.7350706845238095,0.6626860119047618,0.9652529761904761,0.9849330357142857,0.9957217261904762,0.10183397742609183,1024,4,16,1,,,random,64,,,,,1.0,,,,,,,0.1
st04,qamnist_jepa_pd4,qamnist,jepa_pd4,,ok,checkpoint_200000.pt,201,200000,0.20305059523809527,0.4676971726190476,0.6215959821428572,0.9521019345238095,0.9827008928571429,0.9947916666666666,0.08998648246883281,1024,4,16,1,,,random,64,,,,,1.0,,,,,,,0.1
st04,qamnist_jepa_pd4_s1,qamnist,jepa_pd4,1,ok,checkpoint_200000.pt,201,200000,0.24502418154761907,0.42347470238095236,0.8649181547619047,0.9352492559523811,0.9836309523809523,0.9953497023809523,0.10496742849465504,1024,4,16,1,,,random,64,,,,,1.0,,,,,,,0.1
st04,qamnist_jepa_pd4_s2,qamnist,jepa_pd4,2,ok,checkpoint_200000.pt,201,200000,0.13558407738095238,0.6240252976190476,0.7049851190476191,0.8945870535714286,0.9823288690476191,0.9947916666666666,0.08294664394287836,1024,4,16,1,,,random,64,,,,,1.0,,,,,,,0.1
st04,qamnist_jepa_w0.1_s1,qamnist,jepa_w0.1,1,ok,checkpoint_200000.pt,201,200000,0.22946893601190474,0.3376753826530612,0.9051711309523809,0.9552455357142856,0.9862351190476191,0.9955357142857143,0.08287563135049172,1024,4,16,1,,,random,64,,,,,0.1,,,,,,,0.1
st04,qamnist_jepa_w0.1_s2,qamnist,jepa_w0.1,2,ok,checkpoint_200000.pt,201,200000,0.32587425595238084,0.4278720238095239,0.6611793154761904,0.9754278273809524,0.984375,0.9955357142857143,0.10967646423904669,1024,4,16,1,,,random,64,,,,,0.1,,,,,,,0.1
st04,qamnist_jepa_w0.5_s1,qamnist,jepa_w0.5,1,ok,checkpoint_200000.pt,201,200000,0.2995233444940476,0.6145238095238095,0.9115885416666668,0.9772321428571427,0.9836309523809523,0.9946056547619048,0.109742225546922,1024,4,16,1,,,random,64,,,,,0.5,,,,,,,0.1
st04,qamnist_jepa_w0.5_s2,qamnist,jepa_w0.5,2,ok,checkpoint_200000.pt,201,200000,0.41767644557823136,0.45865752551020406,0.7108816964285715,0.9797619047619047,0.9866071428571429,0.9947916666666666,0.09952614846683684,1024,4,16,1,,,random,64,,,,,0.5,,,,,,,0.1
st04,qamnist_jepa_w1.0_s1,qamnist,jepa_w1.0,1,ok,checkpoint_200000.pt,201,200000,0.22987118675595242,0.42678305697278907,0.8803385416666666,0.9433779761904763,0.9838169642857143,0.9957217261904762,0.07526181070577531,1024,4,16,1,,,random,64,,,,,1.0,,,,,,,0.1
st04,qamnist_jepa_w1.0_s2,qamnist,jepa_w1.0,2,ok,checkpoint_200000.pt,201,200000,0.2945179634353741,0.378173363095238,0.8602120535714286,0.9558407738095239,0.9838169642857143,0.9944196428571429,0.10684900615541708,1024,4,16,1,,,random,64,,,,,1.0,,,,,,,0.1
st04,sort_jepa_mse,sort,jepa_mse,,ok,checkpoint.pt,101,100000,0.0010416666666666667,0.003125,0.0010416666666666667,0.002777777777777778,,,nan,512,4,4,4,,,random-pairing,32,,,,,1.0,,,,,,,0.1
st04,sort_jepa_mse_s1,sort,jepa_mse,1,ok,checkpoint.pt,101,100000,0.00034722222222222224,0.003125,0.0006944444444444445,0.0024305555555555556,,,nan,512,4,4,4,,,random-pairing,32,,,,,1.0,,,,,,,0.1
st04,sort_jepa_mse_s2,sort,jepa_mse,2,ok,checkpoint.pt,101,100000,0.0010416666666666667,0.0024305555555555556,0.001388888888888889,0.002777777777777778,,,nan,512,4,4,4,,,random-pairing,32,,,,,1.0,,,,,,,0.1
st04,sort_jepa_pd1,sort,jepa_pd1,,ok,checkpoint.pt,101,100000,0.00034722222222222224,0.0024305555555555556,0.0006944444444444445,0.0038194444444444443,,,nan,512,4,4,4,,,random-pairing,32,,,,,1.0,,,,,,,0.1
st04,sort_jepa_pd1_s1,sort,jepa_pd1,1,ok,checkpoint.pt,101,100000,0.001736111111111111,0.0024305555555555556,0.0020833333333333333,0.003125,,,nan,512,4,4,4,,,random-pairing,32,,,,,1.0,,,,,,,0.1
st04,sort_jepa_pd1_s2,sort,jepa_pd1,2,ok,checkpoint.pt,101,100000,0.001736111111111111,0.002777777777777778,0.0010416666666666667,0.002777777777777778,,,nan,512,4,4,4,,,random-pairing,32,,,,,1.0,,,,,,,0.1
st04,sort_jepa_pd4,sort,jepa_pd4,,ok,checkpoint.pt,101,100000,0.0010416666666666667,0.002777777777777778,0.001388888888888889,0.002777777777777778,,,nan,512,4,4,4,,,random-pairing,32,,,,,1.0,,,,,,,0.1
st04,sort_jepa_pd4_s1,sort,jepa_pd4,1,ok,checkpoint.pt,101,100000,0.00034722222222222224,0.0024305555555555556,0.0010416666666666667,0.002777777777777778,,,nan,512,4,4,4,,,random-pairing,32,,,,,1.0,,,,,,,0.1
st04,sort_jepa_pd4_s2,sort,jepa_pd4,2,ok,checkpoint.pt,101,100000,0.00034722222222222224,0.0024305555555555556,0.0020833333333333333,0.002777777777777778,,,nan,512,4,4,4,,,random-pairing,32,,,,,1.0,,,,,,,0.1
st04,sort_jepa_w0.1,sort,jepa_w0.1,,ok,checkpoint.pt,101,100000,0.0010416666666666667,0.003125,0.0010416666666666667,0.002777777777777778,,,nan,512,4,4,4,,,random-pairing,32,,,,,0.1,,,,,,,0.1
st04,sort_jepa_w0.1_s1,sort,jepa_w0.1,1,ok,checkpoint.pt,101,100000,0.8288194444444444,0.8513888888888889,0.7715277777777778,0.8461805555555556,,,0.06363228087623914,512,4,4,4,,,random-pairing,32,,,,,0.1,,,,,,,0.1
st04,sort_jepa_w0.1_s2,sort,jepa_w0.1,2,ok,checkpoint.pt,101,100000,0.7666666666666667,0.815625,0.7246527777777778,0.803125,,,0.09662298609813054,512,4,4,4,,,random-pairing,32,,,,,0.1,,,,,,,0.1
st04,sort_jepa_w0.5,sort,jepa_w0.5,,ok,checkpoint.pt,101,100000,0.0010416666666666667,0.003125,0.0010416666666666667,0.002777777777777778,,,nan,512,4,4,4,,,random-pairing,32,,,,,0.5,,,,,,,0.1
st04,sort_jepa_w0.5_s1,sort,jepa_w0.5,1,ok,checkpoint.pt,101,100000,0.6819444444444445,0.6996527777777778,0.6128472222222222,0.7118055555555556,,,0.1459901382525762,512,4,4,4,,,random-pairing,32,,,,,0.5,,,,,,,0.1
st04,sort_jepa_w0.5_s2,sort,jepa_w0.5,2,ok,checkpoint.pt,101,100000,0.6284722222222222,0.6284722222222222,0.6083333333333333,0.6333333333333333,,,0.14881411691506705,512,4,4,4,,,random-pairing,32,,,,,0.5,,,,,,,0.1
st04,sort_jepa_w1.0,sort,jepa_w1.0,,ok,checkpoint.pt,101,100000,0.0010416666666666667,0.003125,0.0010416666666666667,0.002777777777777778,,,nan,512,4,4,4,,,random-pairing,32,,,,,1.0,,,,,,,0.1
st04,sort_jepa_w1.0_s1,sort,jepa_w1.0,1,ok,checkpoint.pt,101,100000,0.5586805555555555,0.5909722222222222,0.5666666666666667,0.6336805555555556,,,0.14003114898999533,512,4,4,4,,,random-pairing,32,,,,,1.0,,,,,,,0.1
st04,sort_jepa_w1.0_s2,sort,jepa_w1.0,2,ok,checkpoint.pt,101,100000,0.0010416666666666667,0.0024305555555555556,0.001388888888888889,0.002777777777777778,,,nan,512,4,4,4,,,random-pairing,32,,,,,1.0,,,,,,,0.1
st05,cifar10_jepa_sd2_mh2_s1,cifar10,jepa_sd2_mh2,1,ok,checkpoint.pt,101,200000,0.788082,0.7900500000000001,0.85578515625,0.86029375,0.8322,0.8337,0.5845682233572006,256,16,2,2,,,random-pairing,512,,,,,1.0,,,,,,,0.1
st05,cifar10_jepa_sd2_mh2_s2,cifar10,jepa_sd2_mh2,2,ok,checkpoint.pt,2,2000,0.34484399999999993,0.34484399999999993,0.30905234375,0.30905234375,0.599,0.599,0.8324912130832672,256,16,2,2,,,random-pairing,512,,,,,1.0,,,,,,,0.1
st05,cifar10_jepa_tick2,cifar10,jepa_tick2,,ok,checkpoint.pt,5,8000,0.46325,0.46925,0.45294921875,0.4561328125,0.7984,0.7984,0.5470262125134469,256,16,64,5,,,random-pairing,512,,,,,1.0,,,,,,,0.1
st05,cifar10_jepa_tick2_s1,cifar10,jepa_tick2,1,ok,checkpoint.pt,3,4000,0.41645,0.41645,0.4034765625,0.4034765625,0.7329,0.7329,0.7024432748556138,256,16,64,5,,,random-pairing,512,,,,,1.0,,,,,,,0.1
st05,cifar10_jepa_tick2_s2,cifar10,jepa_tick2,2,ok,checkpoint.pt,3,4000,0.42255,0.42255,0.4011328125,0.4011328125,0.7451,0.7451,0.6842608571052551,256,16,64,5,,,random-pairing,512,,,,,1.0,,,,,,,0.1
st05,cifar10_jepa_tick2_sd2_mh2,cifar10,jepa_tick2_sd2_mh2,,ok,checkpoint.pt,3,4000,0.50825,0.50825,0.48015624999999995,0.48015624999999995,0.6988,0.6988,0.7624742448329925,256,16,2,2,,,random-pairing,512,,,,,1.0,,,,,,,0.1
st05,cifar10_jepa_tick2_sd2_mh2_s1,cifar10,jepa_tick2_sd2_mh2,1,ok,checkpoint.pt,3,4000,0.43575,0.43575,0.41886718749999996,0.41886718749999996,0.7095,0.7095,0.7448009341955185,256,16,2,2,,,random-pairing,512,,,,,1.0,,,,,,,0.1
st05,cifar10_jepa_tick2_sd2_mh2_s2,cifar10,jepa_tick2_sd2_mh2,2,ok,checkpoint.pt,2,2000,0.3846,0.3846,0.3592578125,0.3592578125,0.4623,0.4623,1.4134319007396698,256,16,2,2,,,random-pairing,512,,,,,1.0,,,,,,,0.1
st05,parity_jepa_sd2_mh2,parity,jepa_sd2_mh2,,ok,checkpoint_0.pt,1,0,0.4985826667906746,0.4985826667906746,0.5004991706969246,0.5004991706969246,0.49808175223214285,0.49808175223214285,0.693192754473005,1024,8,2,2,,,random,64,,,,,1.0,,,,,,,0.1
st05,parity_jepa_sd2_mh2_s1,parity,jepa_sd2_mh2,1,ok,checkpoint_0.pt,1,0,0.49892361111111116,0.49892361111111116,0.49993198939732136,0.49993198939732136,0.4987269810267857,0.4987269810267857,0.6931892122541156,1024,8,2,2,,,random,64,,,,,1.0,,,,,,,0.1
st05,parity_jepa_sd2_mh2_s2,parity,jepa_sd2_mh2,2,ok,checkpoint_0.pt,1,0,0.5010922774057541,0.5010922774057541,0.5002033342633929,0.5002033342633929,0.5011102585565477,0.5011102585565477,0.6929929199672881,1024,8,2,2,,,random,64,,,,,1.0,,,,,,,0.1
st05,parity_jepa_tick2,parity,jepa_tick2,,ok,checkpoint_0.pt,1,0,0.5001976376488095,0.5001976376488095,0.49932861328125,0.49932861328125,0.5001976376488095,0.5001976376488095,0.6932949395406813,1024,8,16,1,,,random,64,,,,,1.0,,,,,,,0.1
st05,parity_jepa_tick2_s1,parity,jepa_tick2,1,ok,checkpoint_0.pt,1,0,0.49951171875,0.49951171875,0.5004708426339286,0.5004708426339286,0.49951171875,0.49951171875,0.6933089381172544,1024,8,16,1,,,random,64,,,,,1.0,,,,,,,0.1
st05,parity_jepa_tick2_s2,parity,jepa_tick2,2,ok,checkpoint_0.pt,1,0,0.4992559523809524,0.4992559523809524,0.5007760184151786,0.5007760184151786,0.4992559523809524,0.4992559523809524,0.6933376760709853,1024,8,16,1,,,random,64,,,,,1.0,,,,,,,0.1
st05,parity_jepa_tick2_sd2_mh2,parity,jepa_tick2_sd2_mh2,,ok,checkpoint_0.pt,1,0,0.5000959123883929,0.5000959123883929,0.5000813802083334,0.5000813802083334,0.5000959123883929,0.5000959123883929,0.6933628916740417,1024,8,2,2,,,random,64,,,,,1.0,,,,,,,0.1
st05,parity_jepa_tick2_sd2_mh2_s1,parity,jepa_tick2_sd2_mh2,1,ok,checkpoint_0.pt,1,0,0.4989129929315476,0.4989129929315476,0.4993896484375,0.4993896484375,0.4989129929315476,0.4989129929315476,0.6933407471293495,1024,8,2,2,,,random,64,,,,,1.0,,,,,,,0.1
st05,parity_jepa_tick2_sd2_mh2_s2,parity,jepa_tick2_sd2_mh2,2,ok,checkpoint_0.pt,1,0,0.5005028134300595,0.5005028134300595,0.5003313337053571,0.5003313337053571,0.5005028134300595,0.5005028134300595,0.6932222871553331,1024,8,2,2,,,random,64,,,,,1.0,,,,,,,0.1
st05,sort_jepa_sd2_mh2,sort,jepa_sd2_mh2,,ok,checkpoint.pt,101,100000,0.001388888888888889,0.003125,0.0024305555555555556,0.003125,,,nan,512,4,2,2,,,random-pairing,32,,,,,1.0,,,,,,,0.1
st05,sort_jepa_sd2_mh2_s1,sort,jepa_sd2_mh2,1,ok,checkpoint.pt,101,100000,0.0010416666666666667,0.0024305555555555556,0.0006944444444444445,0.004166666666666667,,,nan,512,4,2,2,,,random-pairing,32,,,,,1.0,,,,,,,0.1
st05,sort_jepa_sd2_mh2_s2,sort,jepa_sd2_mh2,2,ok,checkpoint.pt,101,100000,0.00034722222222222224,0.0024305555555555556,0.00034722222222222224,0.003472222222222222,,,nan,512,4,2,2,,,random-pairing,32,,,,,1.0,,,,,,,0.1
st05,sort_jepa_tick2,sort,jepa_tick2,,ok,checkpoint.pt,101,100000,0.001388888888888889,0.003125,0.00034722222222222224,0.003125,,,nan,512,4,4,4,,,random-pairing,32,,,,,1.0,,,,,,,0.1
st05,sort_jepa_tick2_s1,sort,jepa_tick2,1,ok,checkpoint.pt,101,100000,0.001388888888888889,0.003472222222222222,0.0006944444444444445,0.0024305555555555556,,,nan,512,4,4,4,,,random-pairing,32,,,,,1.0,,,,,,,0.1
st05,sort_jepa_tick2_s2,sort,jepa_tick2,2,ok,checkpoint.pt,101,100000,0.0006944444444444445,0.002777777777777778,0.0010416666666666667,0.002777777777777778,,,nan,512,4,4,4,,,random-pairing,32,,,,,1.0,,,,,,,0.1
st05,sort_jepa_tick2_sd2_mh2,sort,jepa_tick2_sd2_mh2,,ok,checkpoint.pt,101,100000,0.001388888888888889,0.003125,0.001388888888888889,0.003125,,,nan,512,4,2,2,,,random-pairing,32,,,,,1.0,,,,,,,0.1
st05,sort_jepa_tick2_sd2_mh2_s1,sort,jepa_tick2_sd2_mh2,1,ok,checkpoint.pt,101,100000,0.0010416666666666667,0.002777777777777778,0.0006944444444444445,0.002777777777777778,,,nan,512,4,2,2,,,random-pairing,32,,,,,1.0,,,,,,,0.1
st05,sort_jepa_tick2_sd2_mh2_s2,sort,jepa_tick2_sd2_mh2,2,ok,checkpoint.pt,101,100000,0.0010416666666666667,0.002777777777777778,0.002777777777777778,0.002777777777777778,,,nan,512,4,2,2,,,random-pairing,32,,,,,1.0,,,,,,,0.1
st06,cifar10_halt0.3,cifar10,halt0.3,,ok,checkpoint.pt,2,2000,0.11821199999999997,0.11821199999999997,0.11600390625,0.11600390625,0.6705,0.6705,0.778993421792984,256,16,64,5,,,random-pairing,512,,,,,0.0,,,,,,,0.1
st06,cifar10_halt0.3_s1,cifar10,halt0.3,1,ok,checkpoint.pt,3,4000,0.119986,0.119986,0.11768828124999998,0.11768828124999998,0.72,0.72,0.6407810240983963,256,16,64,5,,,random-pairing,512,,,,,0.0,,,,,,,0.1
st06,cifar10_halt0.3_s2,cifar10,halt0.3,2,ok,checkpoint.pt,5,8000,0.11922799999999999,0.11922799999999999,0.11846718750000002,0.119278125,0.7672,0.7672,0.5392207279801369,256,16,64,5,,,random-pairing,512,,,,,0.0,,,,,,,0.1
st06,cifar10_halt0.6,cifar10,halt0.6,,ok,checkpoint.pt,101,200000,0.12439799999999998,0.1245,0.12609921875,0.12828203125,0.8203,0.843,0.6144943773746491,256,16,64,5,,,random-pairing,512,,,,,0.0,,,,,,,0.1
st06,cifar10_halt0.6_s1,cifar10,halt0.6,1,ok,checkpoint.pt,101,200000,0.12501400000000001,0.12512399999999999,0.12606718749999998,0.12901796875,0.8218,0.8438,0.5974057480692864,256,16,64,5,,,random-pairing,512,,,,,0.0,,,,,,,0.1
st06,cifar10_halt0.6_s2,cifar10,halt0.6,2,ok,checkpoint.pt,101,200000,0.125274,0.125398,0.1247640625,0.12861875,0.832,0.8514,0.576280377805233,256,16,64,5,,,random-pairing,512,,,,,0.0,,,,,,,0.1
st06,cifar10_halt0.9,cifar10,halt0.9,,ok,checkpoint.pt,4,6000,0.11961399999999997,0.11961399999999997,0.117615625,0.11849609375,0.7512,0.7512,0.5769145280122757,256,16,64,5,,,random-pairing,512,,,,,0.0,,,,,,,0.1
st06,cifar10_halt0.9_s1,cifar10,halt0.9,1,ok,checkpoint.pt,101,200000,0.12478199999999998,0.12538,0.12593281249999996,0.12902265624999998,0.8211,0.8419,0.622960339486599,256,16,64,5,,,random-pairing,512,,,,,0.0,,,,,,,0.1
st06,cifar10_halt0.9_s2,cifar10,halt0.9,2,ok,checkpoint.pt,2,2000,0.11548799999999997,0.11548799999999997,0.11297187500000003,0.11370859374999999,0.6606,0.6606,0.817455381155014,256,16,64,5,,,random-pairing,512,,,,,0.0,,,,,,,0.1
st06,parity_halt0.3,parity,halt0.3,,ok,checkpoint_0.pt,1,0,0.49882355220734115,0.49882355220734115,0.49960894872271816,0.49960894872271816,0.49879673549107145,0.49879673549107145,0.6926910763695127,1024,8,16,1,,,random,64,,,,,0.0,,,,,,,0.1
st06,parity_halt0.3_s1,parity,halt0.3,1,ok,checkpoint_0.pt,1,0,0.499547371031746,0.499547371031746,0.4999178059895834,0.4999178059895834,0.4995814732142857,0.4995814732142857,0.6927503120331537,1024,8,16,1,,,random,64,,,,,0.0,,,,,,,0.1
st06,parity_halt0.3_s2,parity,halt0.3,2,ok,checkpoint_0.pt,1,0,0.49879204644097236,0.49879204644097236,0.5003456333705356,0.5003456333705356,0.49875313895089285,0.49875313895089285,0.6927250652086168,1024,8,16,1,,,random,64,,,,,0.0,,,,,,,0.1
st06,parity_halt0.6,parity,halt0.6,,ok,checkpoint_0.pt,1,0,0.49882355220734115,0.49882355220734115,0.49960894872271816,0.49960894872271816,0.49879673549107145,0.49879673549107145,0.6926910763695127,1024,8,16,1,,,random,64,,,,,0.0,,,,,,,0.1
st06,parity_halt0.6_s1,parity,halt0.6,1,ok,checkpoint_0.pt,1,0,0.499547371031746,0.499547371031746,0.4999178059895834,0.4999178059895834,0.4995814732142857,0.4995814732142857,0.6927503120331537,1024,8,16,1,,,random,64,,,,,0.0,,,,,,,0.1
st06,parity_halt0.6_s2,parity,halt0.6,2,ok,checkpoint_0.pt,1,0,0.49879204644097236,0.49879204644097236,0.5003456333705356,0.5003456333705356,0.49875313895089285,0.49875313895089285,0.6927250652086168,1024,8,16,1,,,random,64,,,,,0.0,,,,,,,0.1
st06,parity_halt0.9,parity,halt0.9,,ok,checkpoint_0.pt,1,0,0.49882355220734115,0.49882355220734115,0.49960894872271816,0.49960894872271816,0.49879673549107145,0.49879673549107145,0.6926910763695127,1024,8,16,1,,,random,64,,,,,0.0,,,,,,,0.1
st06,parity_halt0.9_s1,parity,halt0.9,1,ok,checkpoint_0.pt,1,0,0.499547371031746,0.499547371031746,0.4999178059895834,0.4999178059895834,0.4995814732142857,0.4995814732142857,0.6927503120331537,1024,8,16,1,,,random,64,,,,,0.0,,,,,,,0.1
st06,parity_halt0.9_s2,parity,halt0.9,2,ok,checkpoint_0.pt,1,0,0.49879204644097236,0.49879204644097236,0.5003456333705356,0.5003456333705356,0.49875313895089285,0.49875313895089285,0.6927250652086168,1024,8,16,1,,,random,64,,,,,0.0,,,,,,,0.1
st06,qamnist_halt0.3,qamnist,halt0.3,,ok,checkpoint_200000.pt,0,200000,,,,,,,,1024,4,16,1,,,random,64,,,,,0.0,,,,,,,0.1
st06,qamnist_halt0.3_s1,qamnist,halt0.3,1,ok,checkpoint_200000.pt,1,200000,0.09506035052910053,0.09506035052910053,0.5015997023809524,0.5015997023809524,0.10342261904761904,0.10342261904761904,2.2586497636068437,1024,4,16,1,,,random,64,,,,,0.0,,,,,,,0.1
st06,qamnist_halt0.3_s2,qamnist,halt0.3,2,ok,checkpoint_200000.pt,0,200000,,,,,,,,1024,4,16,1,,,random,64,,,,,0.0,,,,,,,0.1
st06,qamnist_halt0.6,qamnist,halt0.6,,ok,checkpoint_200000.pt,0,200000,,,,,,,,1024,4,16,1,,,random,64,,,,,0.0,,,,,,,0.1
st06,qamnist_halt0.6_s1,qamnist,halt0.6,1,ok,checkpoint_200000.pt,1,200000,0.549858630952381,0.549858630952381,0.09784226190476189,0.09784226190476189,0.5885416666666666,0.5885416666666666,2.3025851249694824,1024,4,16,1,,,random,64,,,,,0.0,,,,,,,0.1
st06,qamnist_halt0.6_s2,qamnist,halt0.6,2,ok,checkpoint_200000.pt,0,200000,,,,,,,,1024,4,16,1,,,random,64,,,,,0.0,,,,,,,0.1
st06,qamnist_halt0.9,qamnist,halt0.9,,ok,checkpoint_200000.pt,0,200000,,,,,,,,1024,4,16,1,,,random,64,,,,,0.0,,,,,,,0.1
st06,qamnist_halt0.9_s1,qamnist,halt0.9,1,ok,checkpoint_200000.pt,1,200000,0.09512028769841269,0.09512028769841269,0.5001302083333333,0.5001302083333333,0.10658482142857142,0.10658482142857142,2.257601403054737,1024,4,16,1,,,random,64,,,,,0.0,,,,,,,0.1
st06,qamnist_halt0.9_s2,qamnist,halt0.9,2,ok,checkpoint_200000.pt,0,200000,,,,,,,,1024,4,16,1,,,random,64,,,,,0.0,,,,,,,0.1
st06,sort_halt0.3,sort,halt0.3,,ok,checkpoint.pt,101,100000,0.0006944444444444445,0.003472222222222222,0.0006944444444444445,0.0038194444444444443,,,nan,512,4,4,4,,,random-pairing,32,,,,,0.0,,,,,,,0.1
st06,sort_halt0.3_s1,sort,halt0.3,1,ok,checkpoint.pt,101,100000,0.00034722222222222224,0.002777777777777778,0.0006944444444444445,0.003125,,,nan,512,4,4,4,,,random-pairing,32,,,,,0.0,,,,,,,0.1
st06,sort_halt0.3_s2,sort,halt0.3,2,ok,checkpoint.pt,101,100000,0.0020833333333333333,0.003125,0.0006944444444444445,0.002777777777777778,,,nan,512,4,4,4,,,random-pairing,32,,,,,0.0,,,,,,,0.1
st06,sort_halt0.6,sort,halt0.6,,ok,checkpoint.pt,101,100000,0.0006944444444444445,0.003472222222222222,0.0006944444444444445,0.0038194444444444443,,,nan,512,4,4,4,,,random-pairing,32,,,,,0.0,,,,,,,0.1
st06,sort_halt0.6_s1,sort,halt0.6,1,ok,checkpoint.pt,101,100000,0.00034722222222222224,0.002777777777777778,0.0006944444444444445,0.003125,,,4.16444730758667,512,4,4,4,,,random-pairing,32,,,,,0.0,,,,,,,0.1
st06,sort_halt0.6_s2,sort,halt0.6,2,ok,checkpoint.pt,101,100000,0.0020833333333333333,0.003125,0.0006944444444444445,0.002777777777777778,,,4.16444730758667,512,4,4,4,,,random-pairing,32,,,,,0.0,,,,,,,0.1
st06,sort_halt0.9,sort,halt0.9,,ok,checkpoint.pt,101,100000,0.0006944444444444445,0.003472222222222222,0.0006944444444444445,0.0038194444444444443,,,nan,512,4,4,4,,,random-pairing,32,,,,,0.0,,,,,,,0.1
st06,sort_halt0.9_s1,sort,halt0.9,1,ok,checkpoint.pt,101,100000,0.00034722222222222224,0.002777777777777778,0.0006944444444444445,0.003125,,,4.16444730758667,512,4,4,4,,,random-pairing,32,,,,,0.0,,,,,,,0.1
st06,sort_halt0.9_s2,sort,halt0.9,2,ok,checkpoint.pt,101,100000,0.0020833333333333333,0.003125,0.0006944444444444445,0.002777777777777778,,,4.16444730758667,512,4,4,4,,,random-pairing,32,,,,,0.0,,,,,,,0.1
st07,sort_tickloss_mean,sort,tickloss_mean,,ok,checkpoint.pt,101,100000,0.0006944444444444445,0.003472222222222222,0.0006944444444444445,0.002777777777777778,,,nan,512,4,4,4,,,random-pairing,32,,,,,0.0,,,,,,,0.1
st07,sort_tickloss_mean_s1,sort,tickloss_mean,1,ok,checkpoint.pt,101,100000,0.00034722222222222224,0.002777777777777778,0.0006944444444444445,0.003125,,,nan,512,4,4,4,,,random-pairing,32,,,,,0.0,,,,,,,0.1
st07,sort_tickloss_min_conf_s1,sort,tickloss_min_conf,1,ok,checkpoint.pt,101,100000,0.00034722222222222224,0.002777777777777778,0.0006944444444444445,0.003125,,,nan,512,4,4,4,,,random-pairing,32,,,,,0.0,,,,,,,0.1
st07,sort_tickloss_min_conf_s2,sort,tickloss_min_conf,2,ok,checkpoint.pt,101,100000,0.0020833333333333333,0.003125,0.0006944444444444445,0.002777777777777778,,,nan,512,4,4,4,,,random-pairing,32,,,,,0.0,,,,,,,0.1
st08,cifar10_sparsity0.25_s1,cifar10,sparsity0.25,1,ok,checkpoint.pt,101,200000,0.7061019999999999,0.7251419999999998,0.7048562500000002,0.7114843749999998,0.8377,0.8404,0.5230901017785072,256,16,64,5,,,random-pairing,512,,,,,0.0,,,,,,,0.1
st08,cifar10_sparsity0.25_s2,cifar10,sparsity0.25,2,ok,checkpoint.pt,101,200000,0.6823279999999999,0.7007939999999999,0.6993156250000001,0.707671875,0.8503,0.8507,0.4933768406510353,256,16,64,5,,,random-pairing,512,,,,,0.0,,,,,,,0.1
st08,mazes_sparsity0.5_s1,mazes,sparsity0.5,1,ok,checkpoint.pt,100,100000,0.8847385333333333,0.8853146666666666,0.9138008854166666,0.9150144791666667,0.90114,0.90143,0.37841782718896866,2048,16,32,8,,,first-last,64,,,,,0.0,,,,,,,0.1
st08,parity_sparsity0.25,parity,sparsity0.25,,ok,checkpoint_200000.pt,201,200000,0.6797026909722222,0.6797130766369047,0.6792320421006945,0.679769035218254,0.8803681873139881,0.8820684523809523,0.16327074382986342,1024,8,16,1,,,random,64,,,,,0.0,,,,,,,0.1
st08,parity_sparsity0.25_s1,parity,sparsity0.25,1,ok,checkpoint_200000.pt,201,200000,0.707051285032242,0.7077302672371032,0.7073894391741072,0.7076383076016864,0.9679797944568452,0.9689069475446429,0.04542304256132671,1024,8,16,1,,,random,64,,,,,0.0,,,,,,,0.1
st08,parity_sparsity0.25_s2,parity,sparsity0.25,2,ok,checkpoint_200000.pt,201,200000,0.6491181098090277,0.6848913380456351,0.6492750961061509,0.6850835503472222,0.9999360584077381,0.9999447777157738,0.00016817393450418465,1024,8,16,1,,,random,64,,,,,0.0,,,,,,,0.1
st08,parity_sparsity0.5,parity,sparsity0.5,,ok,checkpoint_0.pt,1,0,0.4998639400421627,0.4998639400421627,0.4996816096230159,0.4996816096230159,0.49989536830357145,0.49989536830357145,0.6931717821529934,1024,8,16,1,,,random,64,,,,,0.0,,,,,,,0.1
st08,parity_sparsity0.75,parity,sparsity0.75,,ok,checkpoint_200000.pt,201,200000,0.6797026909722222,0.6797130766369047,0.6792320421006945,0.679769035218254,0.8803681873139881,0.8820684523809523,0.16327074382986342,1024,8,16,1,,,random,64,,,,,0.0,,,,,,,0.1
st08,parity_sparsity0.75_s1,parity,sparsity0.75,1,ok,checkpoint_200000.pt,201,200000,0.707051285032242,0.7077302672371032,0.7073894391741072,0.7076383076016864,0.9679797944568452,0.9689069475446429,0.04542304256132671,1024,8,16,1,,,random,64,,,,,0.0,,,,,,,0.1
st08,parity_sparsity0.75_s2,parity,sparsity0.75,2,ok,checkpoint_200000.pt,201,200000,0.6491181098090277,0.6848913380456351,0.6492750961061509,0.6850835503472222,0.9999360584077381,0.9999447777157738,0.00016817393450418465,1024,8,16,1,,,random,64,,,,,0.0,,,,,,,0.1
st08,sort_sparsity0.25,sort,sparsity0.25,,ok,checkpoint.pt,101,100000,0.8125,0.8753472222222223,0.8597222222222223,0.8986111111111111,,,0.0482308113326629,512,4,4,4,,,random-pairing,32,,,,,0.0,,,,,,,0.1
st08,sort_sparsity0.25_s1,sort,sparsity0.25,1,ok,checkpoint.pt,101,100000,0.9166666666666666,0.9545138888888889,0.9072916666666667,0.9371527777777777,,,0.03447251208126545,512,4,4,4,,,random-pairing,32,,,,,0.0,,,,,,,0.1
st08,sort_sparsity0.25_s2,sort,sparsity0.25,2,ok,checkpoint.pt,101,100000,0.8888888888888888,0.9461805555555556,0.8760416666666667,0.9072916666666667,,,0.04546785354614258,512,4,4,4,,,random-pairing,32,,,,,0.0,,,,,,,0.1
st08,sort_sparsity0.5,sort,sparsity0.5,,ok,checkpoint.pt,101,100000,0.8125,0.8753472222222223,0.8597222222222223,0.8986111111111111,,,0.0482308113326629,512,4,4,4,,,random-pairing,32,,,,,0.0,,,,,,,0.1
st08,sort_sparsity0.5_s1,sort,sparsity0.5,1,ok,checkpoint.pt,101,100000,0.9166666666666666,0.9545138888888889,0.9072916666666667,0.9371527777777777,,,0.03447251208126545,512,4,4,4,,,random-pairing,32,,,,,0.0,,,,,,,0.1
st08,sort_sparsity0.5_s2,sort,sparsity0.5,2,ok,checkpoint.pt,101,100000,0.8888888888888888,0.9461805555555556,0.8760416666666667,0.9072916666666667,,,0.04546785354614258,512,4,4,4,,,random-pairing,32,,,,,0.0,,,,,,,0.1
st08,sort_sparsity0.75,sort,sparsity0.75,,ok,checkpoint.pt,101,100000,0.8125,0.8753472222222223,0.8597222222222223,0.8986111111111111,,,0.0482308113326629,512,4,4,4,,,random-pairing,32,,,,,0.0,,,,,,,0.1
st08,sort_sparsity0.75_s1,sort,sparsity0.75,1,ok,checkpoint.pt,101,100000,0.9166666666666666,0.9545138888888889,0.9072916666666667,0.9371527777777777,,,0.03447251208126545,512,4,4,4,,,random-pairing,32,,,,,0.0,,,,,,,0.1
st08,sort_sparsity0.75_s2,sort,sparsity0.75,2,ok,checkpoint.pt,101,100000,0.8888888888888888,0.9461805555555556,0.8760416666666667,0.9072916666666667,,,0.04546785354614258,512,4,4,4,,,random-pairing,32,,,,,0.0,,,,,,,0.1
st09,mazes_reflex,mazes,reflex,,ok,checkpoint.pt,100,100000,0.9029101333333333,0.9029206666666667,0.9297265104166668,0.9326878645833334,0.91248,0.91265,0.3487469181418419,2048,16,32,8,,,first-last,64,,,,,0.0,,,,,,,0.1
st09,parity_reflex,parity,reflex,,ok,checkpoint_0.pt,1,0,0.49972198970734116,0.49972198970734116,0.5005007595486112,0.5005007595486112,0.49953787667410715,0.49953787667410715,0.6931749922888619,1024,8,16,1,,,random,64,,,,,0.0,,,,,,,0.2
st09,qamnist_reflex_s1,qamnist,reflex,1,ok,checkpoint_200000.pt,201,200000,0.2403715587797619,0.3365547213203463,0.930078125,0.943080357142857,0.9821428571428571,0.9951636904761905,0.09821499103591555,1024,4,16,1,,,random,64,,,,,0.0,,,,,,,0.2
st09,sort_reflex,sort,reflex,,ok,checkpoint.pt,101,100000,0.0,0.003125,0.001388888888888889,0.002777777777777778,,,nan,512,4,4,4,,,random-pairing,32,,,,,0.0,,,,,,,0.2
st09,sort_reflex_s1,sort,reflex,1,ok,checkpoint.pt,101,100000,0.0006944444444444445,0.0024305555555555556,0.001388888888888889,0.0024305555555555556,,,nan,512,4,4,4,,,random-pairing,32,,,,,0.0,,,,,,,0.1
st09,sort_reflex_s2,sort,reflex,2,ok,checkpoint.pt,101,100000,0.00034722222222222224,0.0024305555555555556,0.0010416666666666667,0.002777777777777778,,,nan,512,4,4,4,,,random-pairing,32,,,,,0.0,,,,,,,0.1
st10,cifar10_revise,cifar10,revise,,ok,checkpoint.pt,101,200000,0.65751,0.688798,0.6416359375,0.6615890624999998,0.8494,0.8501,0.43636287152767184,256,16,64,5,,,random-pairing,512,,,,,0.0,,,,,,,0.1
st10,cifar10_revise_s1,cifar10,revise,1,ok,checkpoint.pt,101,200000,0.7297999999999999,0.7329819999999999,0.7647945312500001,0.76701796875,0.8456,0.8462,0.52542764544487,256,16,64,5,,,random-pairing,512,,,,,0.0,,,,,,,0.1
st10,cifar10_revise_w0p1_cp0p15,cifar10,revise_w0p1_cp0p15,,ok,checkpoint.pt,96,190000,0.7119340000000001,0.7223520000000001,0.7384328124999999,0.7465406250000001,0.8472,0.8478,0.4974148809909821,256,16,64,5,,,random-pairing,512,,,,,0.0,,,,,softmax_ce,,0.1
st10,cifar10_revise_w0p1_cp0p3,cifar10,revise_w0p1_cp0p3,,ok,checkpoint.pt,97,192000,0.710058,0.7349079999999999,0.73638046875,0.75578828125,0.8415,0.8415,0.5109241217374801,256,16,64,5,,,random-pairing,512,,,,,0.0,,,,,softmax_ce,,0.1
st10,cifar10_revise_w0p2_cp0p15,cifar10,revise_w0p2_cp0p15,,ok,checkpoint.pt,97,192000,0.7102579999999997,0.7316740000000002,0.7196578125,0.7422726562499998,0.8367,0.8416,0.49315247386693956,256,16,64,5,,,random-pairing,512,,,,,0.0,,,,,softmax_ce,,0.1
st10,cifar10_revise_w0p2_cp0p3,cifar10,revise_w0p2_cp0p3,,ok,checkpoint.pt,95,188000,0.7586919999999999,0.7679059999999999,0.77251328125,0.77606953125,0.8417,0.8435,0.47671414315700533,256,16,64,5,,,random-pairing,512,,,,,0.0,,,,,softmax_ce,,0.1
st10,mazes_revise,mazes,revise,,ok,checkpoint.pt,100,100000,0.8444465333333333,0.9044071999999999,0.8560032812500001,0.9297459375,0.87552,0.91382,0.45627935230731964,2048,16,32,8,,,first-last,64,,,,,0.0,,,,,,,0.1
st10,mazes_revise_w0p1_cp0p15,mazes,revise_w0p1_cp0p15,,ok,checkpoint.pt,50,50000,0.8900645333333332,0.8922769333333332,0.9169257291666666,0.91846203125,0.90003,0.90218,0.3448182977735996,2048,16,32,8,,,first-last,64,,,,,0.0,,,,,softmax_ce,,0.1
st10,mazes_revise_w0p1_cp0p3,mazes,revise_w0p1_cp0p3,,ok,checkpoint.pt,40,40000,0.8699423999999999,0.8742022666666667,0.8863002604166667,0.8921858333333332,0.8806,0.88476,0.3887116312980652,2048,16,32,8,,,first-last,64,,,,,0.0,,,,,softmax_ce,,0.1
st10,mazes_revise_w0p2_cp0p15,mazes,revise_w0p2_cp0p15,,ok,checkpoint.pt,40,40000,0.8653454666666667,0.8718582666666667,0.8816515625,0.8922994791666666,0.87624,0.8823,0.41801976785063744,2048,16,32,8,,,first-last,64,,,,,0.0,,,,,softmax_ce,,0.1
st10,mazes_revise_w0p2_cp0p3,mazes,revise_w0p2_cp0p3,,ok,checkpoint.pt,40,40000,0.8615894666666667,0.8615894666666667,0.8790790624999999,0.8794896354166667,0.8713,0.8713,0.4522380642592907,2048,16,32,8,,,first-last,64,,,,,0.0,,,,,softmax_ce,,0.1
st10,parity_revise,parity,revise,,ok,checkpoint_200000.pt,201,200000,0.6797026909722222,0.6797130766369047,0.6792320421006945,0.679769035218254,0.8803681873139881,0.8820684523809523,0.16327074382986342,1024,8,16,1,,,random,64,,,,,0.0,,,,,,,0.1
st10,parity_revise_s1,parity,revise,1,ok,checkpoint_200000.pt,201,200000,0.707051285032242,0.7077302672371032,0.7073894391741072,0.7076383076016864,0.9679797944568452,0.9689069475446429,0.04542304256132671,1024,8,16,1,,,random,64,,,,,0.0,,,,,,,0.1
st10,parity_revise_s2,parity,revise,2,ok,checkpoint_0.pt,1,0,0.5000115869915674,0.5000115869915674,0.5024619450644842,0.5024619450644842,0.5004621233258929,0.5004621233258929,0.6931250123750596,1024,8,16,1,,,random,64,,,,,0.0,,,,,,,0.1
st10,parity_revise_w0p1_cp0p15,parity,revise_w0p1_cp0p15,,ok,checkpoint_50000.pt,51,50000,0.6507214549231152,0.6513784644717262,0.6509567599826389,0.651787109375,0.7919950939360119,0.7919950939360119,0.28626806537310284,1024,8,16,1,,,random,64,,,,,0.0,,,,,softmax_ce,,0.1
st10,parity_revise_w0p1_cp0p3,parity,revise_w0p1_cp0p3,,ok,checkpoint_50000.pt,51,50000,0.6562519763764882,0.6562519763764882,0.6559281994047619,0.6559281994047619,0.8079659598214286,0.8079659598214286,0.26514140764872235,1024,8,16,1,,,random,64,,,,,0.0,,,,,softmax_ce,,0.1
st10,parity_revise_w0p2_cp0p15,parity,revise_w0p2_cp0p15,,ok,checkpoint_50000.pt,51,50000,0.6507214549231152,0.6513784644717262,0.6509567599826389,0.651787109375,0.7919950939360119,0.7919950939360119,0.28626806537310284,1024,8,16,1,,,random,64,,,,,0.0,,,,,softmax_ce,,0.1
st10,parity_revise_w0p2_cp0p3,parity,revise_w0p2_cp0p3,,ok,checkpoint_50000.pt,51,50000,0.6562519763764882,0.6562519763764882,0.6559281994047619,0.6559281994047619,0.8079659598214286,0.8079659598214286,0.26514140764872235,1024,8,16,1,,,random,64,,,,,0.0,,,,,softmax_ce,,0.1
st10,sort_revise,sort,revise,,ok,checkpoint.pt,101,100000,0.8125,0.8753472222222223,0.8597222222222223,0.8986111111111111,,,0.0482308113326629,512,4,4,4,,,random-pairing,32,,,,,0.0,,,,,,,0.1
st10,sort_revise_s1,sort,revise,1,ok,checkpoint.pt,101,100000,0.9166666666666666,0.9545138888888889,0.9072916666666667,0.9371527777777777,,,0.03447251208126545,512,4,4,4,,,random-pairing,32,,,,,0.0,,,,,,,0.1
st10,sort_revise_s2,sort,revise,2,ok,checkpoint.pt,101,100000,0.8888888888888888,0.9461805555555556,0.8760416666666667,0.9072916666666667,,,0.04546785354614258,512,4,4,4,,,random-pairing,32,,,,,0.0,,,,,,,0.1
st10,sort_revise_w0p1_cp0p15,sort,revise_w0p1_cp0p15,,ok,checkpoint.pt,101,100000,0.7815972222222223,0.8354166666666667,0.8065972222222222,0.8395833333333333,,,0.0829896330833435,512,4,4,4,,,random-pairing,32,,,,,0.0,,,,,softmax_ce,,0.1
st10,sort_revise_w0p1_cp0p3,sort,revise_w0p1_cp0p3,,ok,checkpoint.pt,101,100000,0.8145833333333333,0.8375,0.8079861111111111,0.834375,,,0.0767867515484492,512,4,4,4,,,random-pairing,32,,,,,0.0,,,,,softmax_ce,,0.1
st10,sort_revise_w0p2_cp0p15,sort,revise_w0p2_cp0p15,,ok,checkpoint.pt,101,100000,0.7815972222222223,0.8354166666666667,0.8065972222222222,0.8395833333333333,,,0.0829896330833435,512,4,4,4,,,random-pairing,32,,,,,0.0,,,,,softmax_ce,,0.1
st10,sort_revise_w0p2_cp0p3,sort,revise_w0p2_cp0p3,,ok,checkpoint.pt,101,100000,0.8145833333333333,0.8375,0.8079861111111111,0.834375,,,0.0767867515484492,512,4,4,4,,,random-pairing,32,,,,,0.0,,,,,softmax_ce,,0.1
st12,mazes_ema,mazes,ema,,ok,checkpoint.pt,100,100000,0.8730105333333334,0.895484,0.8896992708333333,0.9169894270833333,0.88805,0.90352,0.3828474059700966,2048,16,32,8,,,first-last,64,,,,,0.0,,,,,,,0.1
st12,parity_ema_s1,parity,ema,1,ok,checkpoint_0.pt,1,0,0.4987437220982143,0.4987437220982143,0.4993836418030755,0.4993836418030755,0.49911353701636907,0.49911353701636907,0.6931168408620925,1024,8,16,1,,,random,64,,,,,0.0,,,,,,,0.1
st12,parity_ema_s2,parity,ema,2,ok,checkpoint_0.pt,1,0,0.5000115869915674,0.5000115869915674,0.5024619450644842,0.5024619450644842,0.5004621233258929,0.5004621233258929,0.6931250123750596,1024,8,16,1,,,random,64,,,,,0.0,,,,,,,0.1
st12,sort_ema,sort,ema,,ok,checkpoint.pt,101,100000,0.0006944444444444445,0.003472222222222222,0.0006944444444444445,0.002777777777777778,,,nan,512,4,4,4,,,random-pairing,32,,,,,0.0,,,,,,,0.1
st12,sort_ema_s1,sort,ema,1,ok,checkpoint.pt,101,100000,0.00034722222222222224,0.002777777777777778,0.0006944444444444445,0.003125,,,nan,512,4,4,4,,,random-pairing,32,,,,,0.0,,,,,,,0.1
st12,sort_ema_s2,sort,ema,2,ok,checkpoint.pt,101,100000,0.0020833333333333333,0.003125,0.0006944444444444445,0.002777777777777778,,,nan,512,4,4,4,,,random-pairing,32,,,,,0.0,,,,,,,0.1
st13,cifar10_jepa_halt,cifar10,jepa_halt,,ok,checkpoint.pt,4,6000,0.11369599999999998,0.11369599999999998,0.1107890625,0.1107890625,0.7841,0.7841,0.5664654821157455,256,16,64,5,,,random-pairing,512,,,,,1.0,,,,,,,0.1
st13,cifar10_jepa_halt_s1,cifar10,jepa_halt,1,ok,checkpoint.pt,4,6000,0.112976,0.112976,0.11198125,0.11198125,0.7313,0.7313,0.6699163258075714,256,16,64,5,,,random-pairing,512,,,,,1.0,,,,,,,0.1
st13,parity_jepa_halt,parity,jepa_halt,,ok,checkpoint_0.pt,1,0,0.499285132998512,0.499285132998512,0.49903064546130943,0.49903064546130943,0.49923560732886907,0.49923560732886907,0.6927064600444975,1024,8,16,1,,,random,64,,,,,1.0,,,,,,,0.1
st13,parity_jepa_halt_s1,parity,jepa_halt,1,ok,checkpoint_0.pt,1,0,0.4996193343874007,0.4996193343874007,0.4999397398933532,0.4999397398933532,0.49936349051339285,0.49936349051339285,0.6927463894798642,1024,8,16,1,,,random,64,,,,,1.0,,,,,,,0.1
st13,parity_jepa_halt_s2,parity,jepa_halt,2,ok,checkpoint_0.pt,1,0,0.49948556082589296,0.49948556082589296,0.49991784474206336,0.49991784474206336,0.49856131417410715,0.49856131417410715,0.6927537861324492,1024,8,16,1,,,random,64,,,,,1.0,,,,,,,0.1
st13,qamnist_jepa_halt,qamnist,jepa_halt,,ok,checkpoint_200000.pt,1,200000,0.14982638888888886,0.14982638888888886,0.5603236607142857,0.5603236607142857,0.15308779761904762,0.15308779761904762,2.274121199335371,1024,4,16,1,,,random,64,,,,,1.0,,,,,,,0.1
st13,sort_jepa_halt,sort,jepa_halt,,ok,checkpoint.pt,101,100000,0.0010416666666666667,0.0038194444444444443,0.0010416666666666667,0.003125,,,nan,512,4,4,4,,,random-pairing,32,,,,,1.0,,,,,,,0.1
st13,sort_jepa_halt_s1,sort,jepa_halt,1,ok,checkpoint.pt,101,100000,0.00034722222222222224,0.003125,0.0006944444444444445,0.0024305555555555556,,,nan,512,4,4,4,,,random-pairing,32,,,,,1.0,,,,,,,0.1
st13,sort_jepa_halt_s2,sort,jepa_halt,2,ok,checkpoint.pt,101,100000,0.0010416666666666667,0.0024305555555555556,0.001388888888888889,0.002777777777777778,,,nan,512,4,4,4,,,random-pairing,32,,,,,1.0,,,,,,,0.1
st14,parity_jepa_sparsity_s2,parity,jepa_sparsity,2,ok,checkpoint_0.pt,1,0,0.4993633355034723,0.4993633355034723,0.5031448412698412,0.5031448412698412,0.49992152622767855,0.49992152622767855,0.693181540284838,1024,8,16,1,,,random,64,,,,,1.0,,,,,,,0.1
st14,sort_jepa_sparsity,sort,jepa_sparsity,,ok,checkpoint.pt,101,100000,0.0010416666666666667,0.003125,0.0010416666666666667,0.002777777777777778,,,nan,512,4,4,4,,,random-pairing,32,,,,,1.0,,,,,,,0.1
st14,sort_jepa_sparsity_s1,sort,jepa_sparsity,1,ok,checkpoint.pt,101,100000,0.00034722222222222224,0.003125,0.0006944444444444445,0.0024305555555555556,,,nan,512,4,4,4,,,random-pairing,32,,,,,1.0,,,,,,,0.1
st14,sort_jepa_sparsity_s2,sort,jepa_sparsity,2,ok,checkpoint.pt,101,100000,0.0010416666666666667,0.0024305555555555556,0.001388888888888889,0.002777777777777778,,,nan,512,4,4,4,,,random-pairing,32,,,,,1.0,,,,,,,0.1
st15,cifar10_halt_sparsity,cifar10,halt_sparsity,,ok,checkpoint.pt,3,4000,0.11994599999999998,0.11994599999999998,0.11902265624999998,0.11902265624999998,0.7368,0.7368,0.607622304558754,256,16,64,5,,,random-pairing,512,,,,,0.0,,,,,,,0.1
st15,cifar10_halt_sparsity_s2,cifar10,halt_sparsity,2,ok,checkpoint.pt,2,2000,0.11602799999999998,0.11602799999999998,0.11344296875000001,0.11366484375,0.6541,0.6541,0.8166157305240631,256,16,64,5,,,random-pairing,512,,,,,0.0,,,,,,,0.1
st15,parity_halt_sparsity,parity,halt_sparsity,,ok,checkpoint_0.pt,1,0,0.49882355220734115,0.49882355220734115,0.49960894872271816,0.49960894872271816,0.49879673549107145,0.49879673549107145,0.6926910224415007,1024,8,16,1,,,random,64,,,,,0.0,,,,,,,0.1
st15,parity_halt_sparsity_s1,parity,halt_sparsity,1,ok,checkpoint_0.pt,1,0,0.499547371031746,0.499547371031746,0.4999178059895834,0.4999178059895834,0.4995814732142857,0.4995814732142857,0.6927502779733568,1024,8,16,1,,,random,64,,,,,0.0,,,,,,,0.1
st15,parity_halt_sparsity_s2,parity,halt_sparsity,2,ok,checkpoint_0.pt,1,0,0.49879204644097236,0.49879204644097236,0.5003456333705356,0.5003456333705356,0.49875313895089285,0.49875313895089285,0.6927250708852496,1024,8,16,1,,,random,64,,,,,0.0,,,,,,,0.1
st15,sort_halt_sparsity_s1,sort,halt_sparsity,1,ok,checkpoint.pt,101,100000,0.00034722222222222224,0.002777777777777778,0.0006944444444444445,0.003125,,,nan,512,4,4,4,,,random-pairing,32,,,,,0.0,,,,,,,0.1
st15,sort_halt_sparsity_s2,sort,halt_sparsity,2,ok,checkpoint.pt,101,100000,0.0020833333333333333,0.003125,0.0006944444444444445,0.002777777777777778,,,nan,512,4,4,4,,,random-pairing,32,,,,,0.0,,,,,,,0.1
st16,sort_jepa_async_s2,sort,jepa_async,2,ok,checkpoint.pt,101,100000,0.0010416666666666667,0.0024305555555555556,0.001388888888888889,0.002777777777777778,,,nan,512,4,4,4,,,random-pairing,32,,,,,1.0,,,,,,,0.1
st17,sort_halt_multitick_s1,sort,halt_multitick,1,ok,checkpoint.pt,101,100000,0.00034722222222222224,0.002777777777777778,0.0006944444444444445,0.003125,,,nan,512,4,4,4,,,random-pairing,32,,,,,0.0,,,,,,,0.1
st17,sort_halt_multitick_s2,sort,halt_multitick,2,ok,checkpoint.pt,101,100000,0.0020833333333333333,0.003125,0.0006944444444444445,0.002777777777777778,,,nan,512,4,4,4,,,random-pairing,32,,,,,0.0,,,,,,,0.1
st18,sort_sparsity_async_s1,sort,sparsity_async,1,ok,checkpoint.pt,101,100000,0.00034722222222222224,0.002777777777777778,0.0006944444444444445,0.003125,,,nan,512,4,4,4,,,random-pairing,32,,,,,0.0,,,,,,,0.1
st18,sort_sparsity_async_s2,sort,sparsity_async,2,ok,checkpoint.pt,101,100000,0.0020833333333333333,0.003125,0.0006944444444444445,0.002777777777777778,,,nan,512,4,4,4,,,random-pairing,32,,,,,0.0,,,,,,,0.1
st19,parity_reflex_halt_s1,parity,reflex_halt,1,ok,checkpoint_0.pt,1,0,0.4994717649429564,0.4994717649429564,0.49971668061755964,0.49971668061755964,0.49924142020089285,0.49924142020089285,0.6927553415298462,1024,8,16,1,,,random,64,,,,,0.0,,,,,,,0.2
st19,sort_reflex_halt,sort,reflex_halt,,ok,checkpoint.pt,101,100000,0.0,0.003125,0.001388888888888889,0.002777777777777778,,,nan,512,4,4,4,,,random-pairing,32,,,,,0.0,,,,,,,0.2
st21,sort_jepa_reflex,sort,jepa_reflex,,ok,checkpoint.pt,101,100000,0.00034722222222222224,0.002777777777777778,0.0006944444444444445,0.002777777777777778,,,nan,512,4,4,4,,,random-pairing,32,,,,,1.0,,,,,,,0.2
st21,sort_jepa_reflex_s1,sort,jepa_reflex,1,ok,checkpoint.pt,101,100000,0.001736111111111111,0.0038194444444444443,0.0010416666666666667,0.003125,,,nan,512,4,4,4,,,random-pairing,32,,,,,1.0,,,,,,,0.2
st22,sort_sparsity_multitick,sort,sparsity_multitick,,ok,checkpoint.pt,101,100000,0.0006944444444444445,0.003472222222222222,0.0006944444444444445,0.002777777777777778,,,nan,512,4,4,4,,,random-pairing,32,,,,,0.0,,,,,,,0.1
st23,sort_async_multitick_s1,sort,async_multitick,1,ok,checkpoint.pt,101,100000,0.00034722222222222224,0.002777777777777778,0.0006944444444444445,0.003125,,,nan,512,4,4,4,,,random-pairing,32,,,,,0.0,,,,,,,0.1
st24,sort_jepa_halt_sparsity,sort,jepa_halt_sparsity,,ok,checkpoint.pt,101,100000,0.0010416666666666667,0.0038194444444444443,0.0010416666666666667,0.003125,,,nan,512,4,4,4,,,random-pairing,32,,,,,1.0,,,,,,,0.1
